id,split,prompt_style,category,business_function,task_family,template_source,prompt,gold_tier,label_status,reasoning_depth,risk,context_load,tools_or_attachments_implied,governance
"biz-0001","test","business","market_competitive_research","research_insights","research_analysis","new","Analyze how a major regulatory change could reshape the competitive structure of consumer subscriptions over five years, modeling second-order effects, strategic responses, and alternative scenarios.","T3","synthetic_prior","high","high","large_or_complex","false","{""data_sensitivity"":""moderate"",""regulated_domain"":false,""cloud_processing_allowed"":""yes"",""data_residency_requirement"":""APAC"",""vendor_allowlist_required"":false}"
"biz-0002","test","business","marketing_content","marketing","content_creation","new","Reposition a mature telehealth portal whose category is commoditizing, using win/loss research and competitor claims, and identify the claims we cannot support.","T3","synthetic_prior","high","high","large_or_complex","false","{""data_sensitivity"":""moderate"",""regulated_domain"":true,""cloud_processing_allowed"":""yes"",""data_residency_requirement"":""unspecified"",""vendor_allowlist_required"":true}"
"biz-0003","development","business","documents_summaries","general_administration","document_synthesis","v1","Summarize this 12-page vendor proposal into scope, fees, assumptions, exclusions, timeline, and questions for the vendor.","T1","synthetic_prior","low_to_moderate","low_to_medium","small_to_medium","false","{""data_sensitivity"":""moderate"",""regulated_domain"":false,""cloud_processing_allowed"":""yes"",""data_residency_requirement"":""APAC"",""vendor_allowlist_required"":false}"
"biz-0004","test","business","documents_summaries","legal_compliance","document_synthesis","new","Reconcile the internal policy manual, the market report, and the board minutes into an obligation matrix with conflicts, jurisdictional caveats, and questions for counsel.","T3","synthetic_prior","high","high","large_or_complex","false","{""data_sensitivity"":""high"",""regulated_domain"":false,""cloud_processing_allowed"":""policy_check_required"",""data_residency_requirement"":""US"",""vendor_allowlist_required"":true}"
"biz-0005","test","business","sales_customer_support","sales","customer_revenue_work","v1","Turn these CRM notes into a clean opportunity summary with stakeholders, stage, amount, and next action.","T0","synthetic_prior","low","low","small","false","{""data_sensitivity"":""low"",""regulated_domain"":false,""cloud_processing_allowed"":""yes"",""data_residency_requirement"":""unspecified"",""vendor_allowlist_required"":false}"
"biz-0006","test","business","meetings_collaboration","operations","meeting_synthesis","new","Synthesize six months of planning meetings into recurring unresolved decisions and commitments that were never closed, citing speaker and date.","T3","synthetic_prior","high","high","large_or_complex","false","{""data_sensitivity"":""moderate"",""regulated_domain"":false,""cloud_processing_allowed"":""yes"",""data_residency_requirement"":""US"",""vendor_allowlist_required"":false}"
"biz-0007","test","business","people_finance_legal_ops","people_hr","corporate_operations","new","Model a restructuring that must cut cost while preserving payments processing, meeting Germany consultation duties, and avoiding hidden single points of failure.","T3","synthetic_prior","high","high","large_or_complex","false","{""data_sensitivity"":""low"",""regulated_domain"":false,""cloud_processing_allowed"":""yes"",""data_residency_requirement"":""APAC"",""vendor_allowlist_required"":false}"
"biz-0008","test","business","business_strategy","executive_strategy","strategy_planning","new","Advise whether Brightline Energy should build, buy, or partner for incident response, weighing control, speed, integration risk, and the scenario in which each choice fails.","T3","synthetic_prior","high","high","large_or_complex","false","{""data_sensitivity"":""low"",""regulated_domain"":false,""cloud_processing_allowed"":""yes"",""data_residency_requirement"":""unspecified"",""vendor_allowlist_required"":false}"
"biz-0009","test","business","people_finance_legal_ops","finance","corporate_operations","v1","Assess whether to recognize revenue for a complex multi-year contract with variable consideration, implementation obligations, and side letters. Present competing accounting interpretations and required evidence.","T3","synthetic_prior","high","high","large_or_complex","false","{""data_sensitivity"":""moderate"",""regulated_domain"":false,""cloud_processing_allowed"":""yes"",""data_residency_requirement"":""unspecified"",""vendor_allowlist_required"":false}"
"biz-0010","test","business","software_engineering","engineering","software_delivery","new","Design a zero-downtime migration of the reporting API to a multi-region active-active setup without losing ordering guarantees.","T3","synthetic_prior","high","high","large_or_complex","false","{""data_sensitivity"":""moderate"",""regulated_domain"":false,""cloud_processing_allowed"":""yes"",""data_residency_requirement"":""EU"",""vendor_allowlist_required"":false}"
"biz-0011","test","business","market_competitive_research","research_insights","research_analysis","new","Analyze how a major regulatory change could reshape the competitive structure of education technology over five years, modeling second-order effects, strategic responses, and alternative scenarios.","T3","synthetic_prior","high","high","large_or_complex","false","{""data_sensitivity"":""high"",""regulated_domain"":false,""cloud_processing_allowed"":""policy_check_required"",""data_residency_requirement"":""unspecified"",""vendor_allowlist_required"":true}"
"biz-0012","test","business","business_strategy","executive_strategy","strategy_planning","v1","Advise whether Brightline Energy should sell, raise capital, or remain independent. Integrate market timing, founder objectives, dilution, competitive dynamics, and scenario-weighted enterprise value.","T3","synthetic_prior","high","high","large_or_complex","false","{""data_sensitivity"":""low"",""regulated_domain"":false,""cloud_processing_allowed"":""yes"",""data_residency_requirement"":""US"",""vendor_allowlist_required"":false}"
"biz-0013","test","business","product_design","product","product_definition","new","Create a 40-question discovery guide for a people partner evaluating telehealth portal.","T1","synthetic_prior","low_to_moderate","low_to_medium","small_to_medium","false","{""data_sensitivity"":""high"",""regulated_domain"":true,""cloud_processing_allowed"":""policy_check_required"",""data_residency_requirement"":""US"",""vendor_allowlist_required"":true}"
"biz-0014","test","business","email_communication","general_administration","communication_drafting","v1","Create a four-email re-engagement sequence for dormant education technology leads. Each email should have a distinct purpose, avoid fake urgency, and build on the previous one.","T2","synthetic_prior","moderate_to_high","medium","medium_to_large","false","{""data_sensitivity"":""high"",""regulated_domain"":true,""cloud_processing_allowed"":""policy_check_required"",""data_residency_requirement"":""unspecified"",""vendor_allowlist_required"":true}"
"biz-0015","test","business","data_spreadsheets","finance","data_analysis","v1","Audit a multi-sheet financial model with circular references, inconsistent scenario assumptions, and unexplained hard-coded values. Reconstruct the intended logic and prioritize corrections by decision impact.","T3","synthetic_prior","high","high","large_or_complex","true","{""data_sensitivity"":""moderate"",""regulated_domain"":false,""cloud_processing_allowed"":""yes"",""data_residency_requirement"":""EU"",""vendor_allowlist_required"":false}"
"biz-0016","development","business","meetings_collaboration","executive_strategy","meeting_synthesis","new","Synthesize six months of leadership transcripts into a map of recurring unresolved decisions, shifting assumptions, and commitments that were made but never closed, citing the meeting and speaker for every conclusion.","T3","synthetic_prior","high","high","large_or_complex","true","{""data_sensitivity"":""low"",""regulated_domain"":false,""cloud_processing_allowed"":""yes"",""data_residency_requirement"":""EU"",""vendor_allowlist_required"":false}"
"biz-0017","test","business","marketing_content","marketing","content_creation","new","Write a positioning memo for employee scheduling app using the supplied positioning, proof points, and prohibited claims.","T1","synthetic_prior","low_to_moderate","low_to_medium","small_to_medium","true","{""data_sensitivity"":""moderate"",""regulated_domain"":true,""cloud_processing_allowed"":""yes"",""data_residency_requirement"":""unspecified"",""vendor_allowlist_required"":true}"
"biz-0018","test","business","it_security_admin","it_security","systems_security","new","Investigate a suspected ransomware spanning production workloads and the data warehouse. Build competing hypotheses and an evidence-preserving containment plan.","T3","synthetic_prior","high","high","large_or_complex","false","{""data_sensitivity"":""high"",""regulated_domain"":false,""cloud_processing_allowed"":""policy_check_required"",""data_residency_requirement"":""US"",""vendor_allowlist_required"":true}"
"biz-0019","test","business","data_spreadsheets","finance","data_analysis","new","Write a SQL query that returns net revenue retention by region for the last 15 days.","T0","synthetic_prior","low","low","small","false","{""data_sensitivity"":""moderate"",""regulated_domain"":true,""cloud_processing_allowed"":""yes"",""data_residency_requirement"":""unspecified"",""vendor_allowlist_required"":true}"
"biz-0020","development","business","meetings_collaboration","operations","meeting_synthesis","v1","Combine notes from two consecutive planning meetings into one clean status record, preserving changed dates and superseded decisions.","T1","synthetic_prior","low_to_moderate","low_to_medium","small_to_medium","false","{""data_sensitivity"":""moderate"",""regulated_domain"":false,""cloud_processing_allowed"":""yes"",""data_residency_requirement"":""unspecified"",""vendor_allowlist_required"":false}"
"biz-0021","test","business","business_strategy","executive_strategy","strategy_planning","new","Evaluate three supplied expansion markets for Northstar Logistics using the attached unit economics, and recommend a sequencing with leading indicators and stop conditions.","T2","synthetic_prior","moderate_to_high","medium","medium_to_large","true","{""data_sensitivity"":""low"",""regulated_domain"":true,""cloud_processing_allowed"":""yes"",""data_residency_requirement"":""unspecified"",""vendor_allowlist_required"":true}"
"biz-0022","test","business","documents_summaries","general_administration","document_synthesis","v1","Synthesize competing technical and commercial reports into a defensible recommendation, explicitly modeling how the conclusion changes if the key uncertain assumptions are wrong.","T3","synthetic_prior","high","high","large_or_complex","true","{""data_sensitivity"":""low"",""regulated_domain"":false,""cloud_processing_allowed"":""yes"",""data_residency_requirement"":""EU"",""vendor_allowlist_required"":false}"
"biz-0023","test","business","marketing_content","marketing","content_creation","new","Draft a 10-word internal announcement about the quarterly review.","T0","synthetic_prior","low","low","small","false","{""data_sensitivity"":""low"",""regulated_domain"":true,""cloud_processing_allowed"":""yes"",""data_residency_requirement"":""unspecified"",""vendor_allowlist_required"":true}"
"biz-0024","development","business","data_spreadsheets","analytics","data_analysis","new","Convert these YYYY/MM/DD dates into ISO 8601.","T0","synthetic_prior","low","low","small","false","{""data_sensitivity"":""high"",""regulated_domain"":false,""cloud_processing_allowed"":""policy_check_required"",""data_residency_requirement"":""EU"",""vendor_allowlist_required"":true}"
"biz-0025","test","business","data_spreadsheets","analytics","data_analysis","new","Write a SQL query that returns inventory turns by region for the last 60 days.","T0","synthetic_prior","low","low","small","false","{""data_sensitivity"":""low"",""regulated_domain"":false,""cloud_processing_allowed"":""yes"",""data_residency_requirement"":""APAC"",""vendor_allowlist_required"":false}"
"biz-0026","test","business","documents_summaries","sales","document_synthesis","v1","Turn a 35-page technical report into a two-page executive brief for prospective customers, preserving uncertainty and the limits of the analysis.","T2","synthetic_prior","moderate_to_high","medium","medium_to_large","false","{""data_sensitivity"":""moderate"",""regulated_domain"":false,""cloud_processing_allowed"":""yes"",""data_residency_requirement"":""unspecified"",""vendor_allowlist_required"":false}"
"biz-0027","test","business","it_security_admin","it_security","systems_security","new","Design a least-privilege access model for a product manager across the production database, and state how it would be tested.","T2","synthetic_prior","moderate_to_high","medium","medium_to_large","false","{""data_sensitivity"":""high"",""regulated_domain"":false,""cloud_processing_allowed"":""policy_check_required"",""data_residency_requirement"":""APAC"",""vendor_allowlist_required"":true}"
"biz-0028","test","business","it_security_admin","it_security","systems_security","new","Investigate a suspected supply-chain compromise spanning package registries and the admin console. Build competing hypotheses and an evidence-preserving containment plan.","T3","synthetic_prior","high","high","large_or_complex","false","{""data_sensitivity"":""low"",""regulated_domain"":false,""cloud_processing_allowed"":""yes"",""data_residency_requirement"":""unspecified"",""vendor_allowlist_required"":false}"
"biz-0029","test","business","market_competitive_research","research_insights","research_analysis","v1","Assess the competitive landscape for employee scheduling app in North America. Segment competitors by business model and buyer, distinguish sourced facts from inference, and identify evidence gaps.","T2","synthetic_prior","moderate_to_high","medium","medium_to_large","true","{""data_sensitivity"":""moderate"",""regulated_domain"":true,""cloud_processing_allowed"":""yes"",""data_residency_requirement"":""EU"",""vendor_allowlist_required"":true}"
"biz-0030","test","business","documents_summaries","legal_compliance","document_synthesis","new","Reconcile the outside-counsel memo, the market report, and the board minutes into an obligation matrix with conflicts, jurisdictional caveats, and questions for counsel.","T3","synthetic_prior","high","high","large_or_complex","false","{""data_sensitivity"":""moderate"",""regulated_domain"":false,""cloud_processing_allowed"":""yes"",""data_residency_requirement"":""EU"",""vendor_allowlist_required"":false}"
"biz-0031","test","business","classification_extraction","operations","classification_extraction","new","Extract the tax id from each of these 10 short records into a single CSV.","T0","synthetic_prior","low","low","small","false","{""data_sensitivity"":""low"",""regulated_domain"":false,""cloud_processing_allowed"":""yes"",""data_residency_requirement"":""unspecified"",""vendor_allowlist_required"":false}"
"biz-0032","test","business","software_engineering","engineering","software_delivery","new","Implement retries on this endpoint following the existing repository pattern, with tests.","T1","synthetic_prior","low_to_moderate","low_to_medium","small_to_medium","false","{""data_sensitivity"":""low"",""regulated_domain"":false,""cloud_processing_allowed"":""yes"",""data_residency_requirement"":""US"",""vendor_allowlist_required"":false}"
"biz-0033","test","business","classification_extraction","operations","classification_extraction","new","Classify each of these 12 leads into the three categories supplied, and return one label per row.","T0","synthetic_prior","low","low","small","true","{""data_sensitivity"":""low"",""regulated_domain"":false,""cloud_processing_allowed"":""yes"",""data_residency_requirement"":""EU"",""vendor_allowlist_required"":false}"
"biz-0034","test","business","data_spreadsheets","finance","data_analysis","new","Write a Python formula that flags a row when net revenue retention falls below the target in column D.","T0","synthetic_prior","low","low","small","false","{""data_sensitivity"":""low"",""regulated_domain"":false,""cloud_processing_allowed"":""yes"",""data_residency_requirement"":""unspecified"",""vendor_allowlist_required"":false}"
"biz-0035","development","business","marketing_content","marketing","content_creation","v1","Write a landing-page draft for warehouse analytics product using the supplied positioning, proof points, and prohibited-claims list.","T1","synthetic_prior","low_to_moderate","low_to_medium","small_to_medium","true","{""data_sensitivity"":""high"",""regulated_domain"":false,""cloud_processing_allowed"":""policy_check_required"",""data_residency_requirement"":""unspecified"",""vendor_allowlist_required"":true}"
"biz-0036","test","business","presentations","sales","presentation_creation","v1","Build a workshop deck for prospective customers introducing a new operating model. Include exercises, facilitator notes, likely objections, and a concrete close.","T2","synthetic_prior","moderate_to_high","medium","medium_to_large","false","{""data_sensitivity"":""low"",""regulated_domain"":false,""cloud_processing_allowed"":""yes"",""data_residency_requirement"":""EU"",""vendor_allowlist_required"":false}"
"biz-0037","test","business","software_engineering","engineering","software_delivery","new","Implement search on this endpoint following the existing repository pattern, with tests.","T1","synthetic_prior","low_to_moderate","low_to_medium","small_to_medium","false","{""data_sensitivity"":""moderate"",""regulated_domain"":false,""cloud_processing_allowed"":""yes"",""data_residency_requirement"":""EU"",""vendor_allowlist_required"":false}"
"biz-0038","test","business","classification_extraction","operations","classification_extraction","v1","Construct a defensible taxonomy from 10,000 previously uncategorized business requests, balancing stable operational categories against emerging themes, then provide migration rules from the old labels.","T3","synthetic_prior","high","high","large_or_complex","false","{""data_sensitivity"":""high"",""regulated_domain"":false,""cloud_processing_allowed"":""policy_check_required"",""data_residency_requirement"":""EU"",""vendor_allowlist_required"":true}"
"biz-0039","test","business","data_spreadsheets","finance","data_analysis","new","Build a driver-based budget model for Redwood Manufacturing with assumptions, scenario toggles, and integrity checks that catch broken links and circular references.","T2","synthetic_prior","moderate_to_high","medium","medium_to_large","false","{""data_sensitivity"":""high"",""regulated_domain"":true,""cloud_processing_allowed"":""policy_check_required"",""data_residency_requirement"":""APAC"",""vendor_allowlist_required"":true}"
"biz-0040","test","business","marketing_content","marketing","content_creation","new","Reposition a mature inventory planning platform whose category is commoditizing, using win/loss research and competitor claims, and identify the claims we cannot support.","T3","synthetic_prior","high","high","large_or_complex","false","{""data_sensitivity"":""high"",""regulated_domain"":true,""cloud_processing_allowed"":""policy_check_required"",""data_residency_requirement"":""unspecified"",""vendor_allowlist_required"":true}"
"biz-0041","test","business","presentations","executive_strategy","presentation_creation","v1","Develop three alternative presentation narratives for a board decision on entering the US Midwest: growth-led, risk-led, and option-value-led.","T2","synthetic_prior","moderate_to_high","medium","medium_to_large","false","{""data_sensitivity"":""low"",""regulated_domain"":false,""cloud_processing_allowed"":""yes"",""data_residency_requirement"":""EU"",""vendor_allowlist_required"":false}"
"biz-0042","test","business","sales_customer_support","sales","customer_revenue_work","new","Create a discovery-call question set for a procurement manager evaluating telehealth portal, organized by workflow, impact, decision process, and timing.","T1","synthetic_prior","low_to_moderate","low_to_medium","small_to_medium","false","{""data_sensitivity"":""low"",""regulated_domain"":false,""cloud_processing_allowed"":""yes"",""data_residency_requirement"":""US"",""vendor_allowlist_required"":false}"
"biz-0043","test","business","product_design","product","product_definition","v1","Determine whether repeated customer requests represent one extensible platform capability or several incompatible vertical products. Use product, architecture, and go-to-market evidence.","T3","synthetic_prior","high","high","large_or_complex","false","{""data_sensitivity"":""low"",""regulated_domain"":false,""cloud_processing_allowed"":""yes"",""data_residency_requirement"":""US"",""vendor_allowlist_required"":false}"
"biz-0044","test","business","documents_summaries","general_administration","document_synthesis","new","Summarize this RFP response into a decision memo covering scope, fees, assumptions, exclusions, and open questions.","T1","synthetic_prior","low_to_moderate","low_to_medium","small_to_medium","false","{""data_sensitivity"":""moderate"",""regulated_domain"":true,""cloud_processing_allowed"":""yes"",""data_residency_requirement"":""unspecified"",""vendor_allowlist_required"":true}"
"biz-0045","test","business","marketing_content","marketing","content_creation","v1","Create a content strategy for a small healthcare operations company with a six-person marketing team, a limited paid budget, and a goal of qualified pipeline rather than traffic.","T2","synthetic_prior","moderate_to_high","medium","medium_to_large","false","{""data_sensitivity"":""low"",""regulated_domain"":false,""cloud_processing_allowed"":""yes"",""data_residency_requirement"":""EU"",""vendor_allowlist_required"":false}"
"biz-0046","test","business","people_finance_legal_ops","people_hr","corporate_operations","new","Model a restructuring that must cut cost while preserving payments processing, meeting the UK consultation duties, and avoiding hidden single points of failure.","T3","synthetic_prior","high","high","large_or_complex","false","{""data_sensitivity"":""high"",""regulated_domain"":false,""cloud_processing_allowed"":""policy_check_required"",""data_residency_requirement"":""US"",""vendor_allowlist_required"":true}"
"biz-0047","test","business","classification_extraction","operations","classification_extraction","new","Extract the cost center from each of these 25 short records into a single CSV.","T0","synthetic_prior","low","low","small","false","{""data_sensitivity"":""high"",""regulated_domain"":false,""cloud_processing_allowed"":""policy_check_required"",""data_residency_requirement"":""US"",""vendor_allowlist_required"":true}"
"biz-0048","test","business","marketing_content","marketing","content_creation","v1","Rewrite this product description in plain language for a nontechnical audience.","T0","synthetic_prior","low","low","small","false","{""data_sensitivity"":""low"",""regulated_domain"":true,""cloud_processing_allowed"":""yes"",""data_residency_requirement"":""unspecified"",""vendor_allowlist_required"":true}"
"biz-0049","test","business","classification_extraction","people_hr","classification_extraction","v1","Map free-form job titles into our role hierarchy, handling ambiguous cross-functional titles and explaining only low-confidence cases.","T2","synthetic_prior","moderate_to_high","medium","medium_to_large","false","{""data_sensitivity"":""moderate"",""regulated_domain"":true,""cloud_processing_allowed"":""yes"",""data_residency_requirement"":""unspecified"",""vendor_allowlist_required"":true}"
"biz-0050","test","business","sales_customer_support","sales","customer_revenue_work","v1","Create a discovery-call question set for an operations director evaluating telehealth portal, organized by workflow, impact, decision process, and timing.","T1","synthetic_prior","low_to_moderate","low_to_medium","small_to_medium","false","{""data_sensitivity"":""low"",""regulated_domain"":false,""cloud_processing_allowed"":""yes"",""data_residency_requirement"":""EU"",""vendor_allowlist_required"":false}"
"biz-0051","test","business","people_finance_legal_ops","people_hr","corporate_operations","new","Model a restructuring that must cut cost while preserving customer data access, meeting Germany consultation duties, and avoiding hidden single points of failure.","T3","synthetic_prior","high","high","large_or_complex","false","{""data_sensitivity"":""low"",""regulated_domain"":false,""cloud_processing_allowed"":""yes"",""data_residency_requirement"":""EU"",""vendor_allowlist_required"":false}"
"biz-0052","development","business","product_design","product","product_definition","new","Rewrite these error messages so each says what happened and what to do next, in one sentence.","T0","synthetic_prior","low","low","small","false","{""data_sensitivity"":""low"",""regulated_domain"":true,""cloud_processing_allowed"":""yes"",""data_residency_requirement"":""unspecified"",""vendor_allowlist_required"":true}"
"biz-0053","test","business","market_competitive_research","research_insights","research_analysis","v1","Summarize five market articles into key trends, named evidence, disagreements, and questions that require more research.","T1","synthetic_prior","low_to_moderate","low_to_medium","small_to_medium","false","{""data_sensitivity"":""low"",""regulated_domain"":false,""cloud_processing_allowed"":""yes"",""data_residency_requirement"":""EU"",""vendor_allowlist_required"":false}"
"biz-0054","development","business","product_design","product","product_definition","new","Prioritize this roadmap using customer value, strategic fit, evidence strength, engineering cost, and reversibility, and explain the close calls.","T2","synthetic_prior","moderate_to_high","medium","medium_to_large","false","{""data_sensitivity"":""moderate"",""regulated_domain"":true,""cloud_processing_allowed"":""yes"",""data_residency_requirement"":""unspecified"",""vendor_allowlist_required"":true}"
"biz-0055","test","business","software_engineering","engineering","software_delivery","new","Trace a production data-corruption bug across the reporting API and the webhook dispatcher using partial logs, retries, and a recent migration. Identify the most plausible causal chain and a safe recovery plan.","T3","synthetic_prior","high","high","large_or_complex","true","{""data_sensitivity"":""moderate"",""regulated_domain"":true,""cloud_processing_allowed"":""yes"",""data_residency_requirement"":""US"",""vendor_allowlist_required"":true}"
"biz-0056","test","business","market_competitive_research","research_insights","research_analysis","new","Assess the competitive landscape for customer-support suite in the UK and Ireland, separating sourced facts from inference and naming the evidence gaps.","T2","synthetic_prior","moderate_to_high","medium","medium_to_large","true","{""data_sensitivity"":""low"",""regulated_domain"":false,""cloud_processing_allowed"":""yes"",""data_residency_requirement"":""APAC"",""vendor_allowlist_required"":false}"
"biz-0057","test","business","marketing_content","marketing","content_creation","new","Build a 40-month retention plan for regional managers covering channels, owners, and review points.","T1","synthetic_prior","low_to_moderate","low_to_medium","small_to_medium","false","{""data_sensitivity"":""moderate"",""regulated_domain"":false,""cloud_processing_allowed"":""yes"",""data_residency_requirement"":""EU"",""vendor_allowlist_required"":false}"
"biz-0058","test","business","email_communication","people_hr","communication_drafting","v1","Write three subject-line options for an email inviting new employees to a 30-minute product demo.","T0","synthetic_prior","low","low","small","false","{""data_sensitivity"":""high"",""regulated_domain"":false,""cloud_processing_allowed"":""policy_check_required"",""data_residency_requirement"":""unspecified"",""vendor_allowlist_required"":true}"
"biz-0059","test","business","business_strategy","executive_strategy","strategy_planning","new","Turn the the usage data and the two attached spreadsheets into a decision memo covering variances, risks, and the decisions still needed.","T1","synthetic_prior","low_to_moderate","low_to_medium","small_to_medium","true","{""data_sensitivity"":""low"",""regulated_domain"":false,""cloud_processing_allowed"":""yes"",""data_residency_requirement"":""unspecified"",""vendor_allowlist_required"":false}"
"biz-0060","test","business","documents_summaries","legal_compliance","document_synthesis","v1","Create an operating manual from scattered process notes, resolving terminology consistently and marking genuine policy gaps rather than filling them in.","T2","synthetic_prior","moderate_to_high","medium","medium_to_large","false","{""data_sensitivity"":""low"",""regulated_domain"":true,""cloud_processing_allowed"":""yes"",""data_residency_requirement"":""APAC"",""vendor_allowlist_required"":true}"
"biz-0061","development","business","product_design","product","product_definition","v1","Turn these customer requests into a scoped feature brief with problem statement, primary user, workflow, acceptance criteria, analytics, and non-goals.","T1","synthetic_prior","low_to_moderate","low_to_medium","small_to_medium","false","{""data_sensitivity"":""low"",""regulated_domain"":false,""cloud_processing_allowed"":""yes"",""data_residency_requirement"":""unspecified"",""vendor_allowlist_required"":false}"
"biz-0062","development","business","sales_customer_support","customer_support","customer_revenue_work","new","Analyze a threatened strategic-account churn involving product gaps, executive turnover, and disputed service credits, and produce recovery options with their commercial, legal, and operational tradeoffs.","T3","synthetic_prior","high","high","large_or_complex","false","{""data_sensitivity"":""moderate"",""regulated_domain"":false,""cloud_processing_allowed"":""yes"",""data_residency_requirement"":""unspecified"",""vendor_allowlist_required"":false}"
"biz-0063","test","business","data_spreadsheets","analytics","data_analysis","new","Review this sales forecast and write commentary on material movements and the figures most likely to be misread.","T1","synthetic_prior","low_to_moderate","low_to_medium","small_to_medium","false","{""data_sensitivity"":""moderate"",""regulated_domain"":true,""cloud_processing_allowed"":""yes"",""data_residency_requirement"":""APAC"",""vendor_allowlist_required"":true}"
"biz-0064","test","business","business_strategy","executive_strategy","strategy_planning","new","Evaluate three supplied expansion markets for Brightline Energy using the attached unit economics, and recommend a sequencing with leading indicators and stop conditions.","T2","synthetic_prior","moderate_to_high","medium","medium_to_large","true","{""data_sensitivity"":""moderate"",""regulated_domain"":false,""cloud_processing_allowed"":""yes"",""data_residency_requirement"":""unspecified"",""vendor_allowlist_required"":false}"
"biz-0065","test","business","software_engineering","engineering","software_delivery","new","Trace a production data-corruption bug across the notification worker using partial logs, retries, asynchronous consumers, and a recent schema migration. Identify the most plausible causal chain and a safe recovery plan.","T3","synthetic_prior","high","high","large_or_complex","true","{""data_sensitivity"":""high"",""regulated_domain"":false,""cloud_processing_allowed"":""policy_check_required"",""data_residency_requirement"":""US"",""vendor_allowlist_required"":true}"
"biz-0066","test","business","software_engineering","engineering","software_delivery","new","Trace a production data-corruption bug across the schedule optimizer using partial logs, retries, asynchronous consumers, and a recent schema migration. Identify the most plausible causal chain and a safe recovery plan.","T3","synthetic_prior","high","high","large_or_complex","true","{""data_sensitivity"":""high"",""regulated_domain"":false,""cloud_processing_allowed"":""policy_check_required"",""data_residency_requirement"":""US"",""vendor_allowlist_required"":true}"
"biz-0067","development","business","software_engineering","engineering","software_delivery","new","Write a function that deduplicates a list of objects by id, keeping the first occurrence, and include three tests.","T0","synthetic_prior","low","low","small","false","{""data_sensitivity"":""low"",""regulated_domain"":false,""cloud_processing_allowed"":""yes"",""data_residency_requirement"":""unspecified"",""vendor_allowlist_required"":false}"
"biz-0068","test","business","documents_summaries","legal_compliance","document_synthesis","new","Reconcile the regulatory consultation, the diligence memo, and the board minutes into an obligation matrix with conflicts, jurisdictional caveats, and questions for counsel.","T3","synthetic_prior","high","high","large_or_complex","false","{""data_sensitivity"":""moderate"",""regulated_domain"":true,""cloud_processing_allowed"":""yes"",""data_residency_requirement"":""unspecified"",""vendor_allowlist_required"":true}"
"biz-0069","development","business","documents_summaries","general_administration","document_synthesis","new","Fix the grammar and punctuation in this release note without changing its meaning.","T0","synthetic_prior","low","low","small","false","{""data_sensitivity"":""moderate"",""regulated_domain"":true,""cloud_processing_allowed"":""yes"",""data_residency_requirement"":""unspecified"",""vendor_allowlist_required"":true}"
"biz-0070","development","business","market_competitive_research","research_insights","research_analysis","new","Build a comparison table from these five competitor descriptions using pricing, target customer, and deployment model.","T0","synthetic_prior","low","low","small","false","{""data_sensitivity"":""low"",""regulated_domain"":true,""cloud_processing_allowed"":""yes"",""data_residency_requirement"":""unspecified"",""vendor_allowlist_required"":true}"
"biz-0071","test","business","classification_extraction","people_hr","classification_extraction","new","Normalize these 60 job titles into the supplied finance schema, using null when a field is missing.","T1","synthetic_prior","low_to_moderate","low_to_medium","small_to_medium","true","{""data_sensitivity"":""moderate"",""regulated_domain"":false,""cloud_processing_allowed"":""yes"",""data_residency_requirement"":""EU"",""vendor_allowlist_required"":false}"
"biz-0072","test","business","market_competitive_research","research_insights","research_analysis","new","Assess the competitive landscape for inventory planning platform in North America, segmenting competitors by business model and buyer, distinguishing sourced facts from inference, and naming the evidence gaps.","T2","synthetic_prior","moderate_to_high","medium","medium_to_large","true","{""data_sensitivity"":""moderate"",""regulated_domain"":true,""cloud_processing_allowed"":""yes"",""data_residency_requirement"":""unspecified"",""vendor_allowlist_required"":true}"
"biz-0073","test","business","presentations","executive_strategy","presentation_creation","v1","Develop three alternative presentation narratives for a board decision on entering the UK and Ireland: growth-led, risk-led, and option-value-led.","T2","synthetic_prior","moderate_to_high","medium","medium_to_large","false","{""data_sensitivity"":""low"",""regulated_domain"":true,""cloud_processing_allowed"":""yes"",""data_residency_requirement"":""US"",""vendor_allowlist_required"":true}"
"biz-0074","test","business","marketing_content","marketing","content_creation","new","Build a 15-month retention plan for the board covering channels, owners, and review points.","T1","synthetic_prior","low_to_moderate","low_to_medium","small_to_medium","false","{""data_sensitivity"":""low"",""regulated_domain"":false,""cloud_processing_allowed"":""yes"",""data_residency_requirement"":""US"",""vendor_allowlist_required"":false}"
"biz-0075","test","business","software_engineering","engineering","software_delivery","new","Trace a production data-corruption bug across the payments gateway using partial logs, retries, asynchronous consumers, and a recent schema migration. Identify the most plausible causal chain and a safe recovery plan.","T3","synthetic_prior","high","high","large_or_complex","true","{""data_sensitivity"":""low"",""regulated_domain"":false,""cloud_processing_allowed"":""yes"",""data_residency_requirement"":""APAC"",""vendor_allowlist_required"":false}"
"biz-0076","test","business","marketing_content","marketing","content_creation","new","Adapt the approved case study for prospective customers and the board without changing the facts.","T1","synthetic_prior","low_to_moderate","low_to_medium","small_to_medium","false","{""data_sensitivity"":""moderate"",""regulated_domain"":false,""cloud_processing_allowed"":""yes"",""data_residency_requirement"":""US"",""vendor_allowlist_required"":false}"
"biz-0077","test","business","marketing_content","marketing","content_creation","new","Build a 25-month hiring plan for nontechnical stakeholders covering channels, owners, and review points.","T1","synthetic_prior","low_to_moderate","low_to_medium","small_to_medium","false","{""data_sensitivity"":""low"",""regulated_domain"":false,""cloud_processing_allowed"":""yes"",""data_residency_requirement"":""unspecified"",""vendor_allowlist_required"":false}"
"biz-0078","test","business","data_spreadsheets","finance","data_analysis","new","Build a driver-based budget model for Cedar Health with assumptions, scenario toggles, and integrity checks that catch broken links and circular references.","T2","synthetic_prior","moderate_to_high","medium","medium_to_large","false","{""data_sensitivity"":""low"",""regulated_domain"":false,""cloud_processing_allowed"":""yes"",""data_residency_requirement"":""US"",""vendor_allowlist_required"":false}"
"biz-0079","development","business","marketing_content","marketing","content_creation","new","Write five short social captions announcing a webinar for expense-management service, avoiding emojis and exaggerated claims.","T0","synthetic_prior","low","low","small","false","{""data_sensitivity"":""high"",""regulated_domain"":false,""cloud_processing_allowed"":""policy_check_required"",""data_residency_requirement"":""EU"",""vendor_allowlist_required"":true}"
"biz-0080","test","business","software_engineering","engineering","software_delivery","new","Diagnose the intermittent memory leak in the reporting API from the supplied code and logs, and propose a minimal fix with tests and rollout safeguards.","T2","synthetic_prior","moderate_to_high","medium","medium_to_large","true","{""data_sensitivity"":""high"",""regulated_domain"":false,""cloud_processing_allowed"":""policy_check_required"",""data_residency_requirement"":""unspecified"",""vendor_allowlist_required"":true}"
"biz-0081","test","business","business_strategy","executive_strategy","strategy_planning","v1","Advise whether Harbor & Finch should sell, raise capital, or remain independent. Integrate market timing, founder objectives, dilution, competitive dynamics, and scenario-weighted enterprise value.","T3","synthetic_prior","high","high","large_or_complex","false","{""data_sensitivity"":""low"",""regulated_domain"":false,""cloud_processing_allowed"":""yes"",""data_residency_requirement"":""unspecified"",""vendor_allowlist_required"":false}"
"biz-0082","development","business","data_spreadsheets","analytics","data_analysis","v1","Review this monthly KPI table and write a concise commentary on material changes, missing data, and metrics needing follow-up.","T1","synthetic_prior","low_to_moderate","low_to_medium","small_to_medium","false","{""data_sensitivity"":""moderate"",""regulated_domain"":false,""cloud_processing_allowed"":""yes"",""data_residency_requirement"":""unspecified"",""vendor_allowlist_required"":false}"
"biz-0083","test","business","business_strategy","executive_strategy","strategy_planning","new","Reconcile two business units that report churn rate differently and both claim the higher figure. Determine the defensible number and the control that prevents recurrence.","T3","synthetic_prior","high","high","large_or_complex","false","{""data_sensitivity"":""low"",""regulated_domain"":false,""cloud_processing_allowed"":""yes"",""data_residency_requirement"":""unspecified"",""vendor_allowlist_required"":false}"
"biz-0084","test","business","market_competitive_research","research_insights","research_analysis","v1","Create a market-entry brief for Australia and New Zealand covering buyer structure, regulation, channels, incumbent responses, and the cheapest experiments that could invalidate the thesis.","T2","synthetic_prior","moderate_to_high","medium","medium_to_large","false","{""data_sensitivity"":""low"",""regulated_domain"":true,""cloud_processing_allowed"":""yes"",""data_residency_requirement"":""US"",""vendor_allowlist_required"":true}"
"biz-0085","test","business","product_design","product","product_definition","v1","Design an onboarding experiment for employee scheduling app that can distinguish comprehension problems from missing product value.","T2","synthetic_prior","moderate_to_high","medium","medium_to_large","false","{""data_sensitivity"":""high"",""regulated_domain"":false,""cloud_processing_allowed"":""policy_check_required"",""data_residency_requirement"":""EU"",""vendor_allowlist_required"":true}"
"biz-0086","test","business","documents_summaries","people_hr","document_synthesis","new","Rewrite this release note so a new employee can follow it, keeping every step in order.","T0","synthetic_prior","low","low","small","false","{""data_sensitivity"":""low"",""regulated_domain"":false,""cloud_processing_allowed"":""yes"",""data_residency_requirement"":""unspecified"",""vendor_allowlist_required"":false}"
"biz-0087","test","business","marketing_content","marketing","content_creation","v1","Develop messaging pillars for customer-support suite aimed at three buyer roles. Give each role a problem, promise, proof point, and objection response.","T2","synthetic_prior","moderate_to_high","medium","medium_to_large","false","{""data_sensitivity"":""moderate"",""regulated_domain"":false,""cloud_processing_allowed"":""yes"",""data_residency_requirement"":""US"",""vendor_allowlist_required"":false}"
"biz-0088","test","business","classification_extraction","operations","classification_extraction","new","Classify each of these 60 job applicants into the three categories supplied, and return one label per row.","T0","synthetic_prior","low","low","small","true","{""data_sensitivity"":""high"",""regulated_domain"":false,""cloud_processing_allowed"":""policy_check_required"",""data_residency_requirement"":""unspecified"",""vendor_allowlist_required"":true}"
"biz-0089","development","business","data_spreadsheets","analytics","data_analysis","v1","Clean this spreadsheet specification into a column-by-column transformation plan, including formulas, validation rules, and exception handling.","T1","synthetic_prior","low_to_moderate","low_to_medium","small_to_medium","false","{""data_sensitivity"":""moderate"",""regulated_domain"":false,""cloud_processing_allowed"":""yes"",""data_residency_requirement"":""APAC"",""vendor_allowlist_required"":false}"
"biz-0090","development","business","documents_summaries","legal_compliance","document_synthesis","new","Compare these two internal policies and produce a difference table, without interpreting legal effect.","T1","synthetic_prior","low_to_moderate","low_to_medium","small_to_medium","false","{""data_sensitivity"":""high"",""regulated_domain"":false,""cloud_processing_allowed"":""policy_check_required"",""data_residency_requirement"":""EU"",""vendor_allowlist_required"":true}"
"biz-0091","test","business","marketing_content","marketing","content_creation","v1","Reposition a mature product whose category is being commoditized. Use the supplied win/loss research, product roadmap, and competitor claims to propose a defensible category narrative and identify claims we cannot support.","T3","synthetic_prior","high","high","large_or_complex","true","{""data_sensitivity"":""moderate"",""regulated_domain"":true,""cloud_processing_allowed"":""yes"",""data_residency_requirement"":""EU"",""vendor_allowlist_required"":true}"
"biz-0092","test","business","presentations","people_hr","presentation_creation","v1","Create a customer-training deck outline for warehouse analytics product, including setup, core workflow, common mistakes, and support resources.","T1","synthetic_prior","low_to_moderate","low_to_medium","small_to_medium","true","{""data_sensitivity"":""low"",""regulated_domain"":false,""cloud_processing_allowed"":""yes"",""data_residency_requirement"":""unspecified"",""vendor_allowlist_required"":false}"
"biz-0093","test","business","marketing_content","marketing","content_creation","v1","Develop messaging pillars for procurement marketplace aimed at three buyer roles. Give each role a problem, promise, proof point, and objection response.","T2","synthetic_prior","moderate_to_high","medium","medium_to_large","false","{""data_sensitivity"":""high"",""regulated_domain"":false,""cloud_processing_allowed"":""policy_check_required"",""data_residency_requirement"":""EU"",""vendor_allowlist_required"":true}"
"biz-0094","development","business","presentations","general_administration","presentation_creation","new","Rewrite these slide titles so each states the takeaway rather than the topic.","T0","synthetic_prior","low","low","small","false","{""data_sensitivity"":""low"",""regulated_domain"":false,""cloud_processing_allowed"":""yes"",""data_residency_requirement"":""unspecified"",""vendor_allowlist_required"":false}"
"biz-0095","test","business","marketing_content","marketing","content_creation","new","Reconcile a brand team that wants premium positioning with a sales team that needs a price-led message for a price-sensitive segment. Produce a recommendation that preserves margin and states what evidence would settle the dispute.","T3","synthetic_prior","high","high","large_or_complex","false","{""data_sensitivity"":""low"",""regulated_domain"":true,""cloud_processing_allowed"":""yes"",""data_residency_requirement"":""US"",""vendor_allowlist_required"":true}"
"biz-0096","test","business","software_engineering","engineering","software_delivery","v1","Diagnose an intermittent duplicate-job bug in a Go and Redis service from the supplied code and logs. Propose a minimal fix, tests, and rollout safeguards.","T2","synthetic_prior","moderate_to_high","medium","medium_to_large","true","{""data_sensitivity"":""low"",""regulated_domain"":false,""cloud_processing_allowed"":""yes"",""data_residency_requirement"":""unspecified"",""vendor_allowlist_required"":false}"
"biz-0097","test","business","presentations","general_administration","presentation_creation","v1","Rewrite these slide titles so each states the takeaway instead of naming the topic.","T0","synthetic_prior","low","low","small","false","{""data_sensitivity"":""low"",""regulated_domain"":true,""cloud_processing_allowed"":""yes"",""data_residency_requirement"":""EU"",""vendor_allowlist_required"":true}"
"biz-0098","test","business","meetings_collaboration","executive_strategy","meeting_synthesis","new","Turn these 50 interview summaries into an executive summary with owners, dates, and dependencies.","T1","synthetic_prior","low_to_moderate","low_to_medium","small_to_medium","false","{""data_sensitivity"":""low"",""regulated_domain"":true,""cloud_processing_allowed"":""yes"",""data_residency_requirement"":""EU"",""vendor_allowlist_required"":true}"
"biz-0099","test","business","marketing_content","marketing","content_creation","new","Develop messaging pillars for customer-support suite across three buyer roles, giving each role a problem, a promise, a proof point, and an objection response.","T2","synthetic_prior","moderate_to_high","medium","medium_to_large","false","{""data_sensitivity"":""low"",""regulated_domain"":false,""cloud_processing_allowed"":""yes"",""data_residency_requirement"":""unspecified"",""vendor_allowlist_required"":false}"
"biz-0100","test","business","data_spreadsheets","analytics","data_analysis","new","Turn the the customer thread into a column-by-column cleaning plan with validation rules, deduplication logic, and the exceptions that need a human decision.","T1","synthetic_prior","low_to_moderate","low_to_medium","small_to_medium","true","{""data_sensitivity"":""high"",""regulated_domain"":false,""cloud_processing_allowed"":""policy_check_required"",""data_residency_requirement"":""unspecified"",""vendor_allowlist_required"":true}"
"biz-0101","test","business","data_spreadsheets","analytics","data_analysis","new","Turn the the attached transcript into a column-by-column cleaning plan with validation rules, deduplication logic, and the exceptions that need a human decision.","T1","synthetic_prior","low_to_moderate","low_to_medium","small_to_medium","true","{""data_sensitivity"":""moderate"",""regulated_domain"":false,""cloud_processing_allowed"":""yes"",""data_residency_requirement"":""unspecified"",""vendor_allowlist_required"":false}"
"biz-0102","development","business","sales_customer_support","customer_support","customer_revenue_work","new","Develop an enterprise account strategy from two years of calls, tickets, product usage, org changes, and contract history. Model stakeholder incentives and identify the most credible expansion path and its failure modes.","T3","synthetic_prior","high","high","large_or_complex","false","{""data_sensitivity"":""high"",""regulated_domain"":false,""cloud_processing_allowed"":""policy_check_required"",""data_residency_requirement"":""US"",""vendor_allowlist_required"":true}"
"biz-0103","test","business","software_engineering","engineering","software_delivery","new","Design a zero-downtime migration of the notification worker to a multi-region active-active setup without losing ordering guarantees.","T3","synthetic_prior","high","high","large_or_complex","false","{""data_sensitivity"":""low"",""regulated_domain"":false,""cloud_processing_allowed"":""yes"",""data_residency_requirement"":""unspecified"",""vendor_allowlist_required"":false}"
"biz-0104","test","business","market_competitive_research","research_insights","research_analysis","new","Form an investment-grade market thesis for the European market from conflicting analyst reports and incomplete private data, and design the tests that would disconfirm it.","T3","synthetic_prior","high","high","large_or_complex","true","{""data_sensitivity"":""low"",""regulated_domain"":false,""cloud_processing_allowed"":""yes"",""data_residency_requirement"":""unspecified"",""vendor_allowlist_required"":false}"
"biz-0105","test","business","documents_summaries","executive_strategy","document_synthesis","v1","Turn a 35-page technical report into a two-page executive brief for the board, preserving uncertainty and the limits of the analysis.","T2","synthetic_prior","moderate_to_high","medium","medium_to_large","false","{""data_sensitivity"":""low"",""regulated_domain"":false,""cloud_processing_allowed"":""yes"",""data_residency_requirement"":""unspecified"",""vendor_allowlist_required"":false}"
"biz-0106","development","business","documents_summaries","general_administration","document_synthesis","new","Fix the grammar and punctuation in this procedure without changing its meaning.","T0","synthetic_prior","low","low","small","false","{""data_sensitivity"":""low"",""regulated_domain"":false,""cloud_processing_allowed"":""yes"",""data_residency_requirement"":""APAC"",""vendor_allowlist_required"":false}"
"biz-0107","test","business","meetings_collaboration","operations","meeting_synthesis","v1","Create a decision log from three related meeting transcripts and reconcile inconsistent dates, owners, and terminology without guessing which version is correct.","T2","synthetic_prior","moderate_to_high","medium","medium_to_large","true","{""data_sensitivity"":""low"",""regulated_domain"":true,""cloud_processing_allowed"":""yes"",""data_residency_requirement"":""unspecified"",""vendor_allowlist_required"":true}"
"biz-0108","test","business","people_finance_legal_ops","legal_compliance","corporate_operations","v1","Create a simple RACI table for a product launch involving Product, Marketing, Sales, Support, and Legal.","T0","synthetic_prior","low","low","small","false","{""data_sensitivity"":""low"",""regulated_domain"":false,""cloud_processing_allowed"":""yes"",""data_residency_requirement"":""US"",""vendor_allowlist_required"":false}"
"biz-0109","development","business","data_spreadsheets","analytics","data_analysis","new","Review this KPI workbook and write commentary on material movements, missing periods, and the three figures most likely to be misread.","T1","synthetic_prior","low_to_moderate","low_to_medium","small_to_medium","true","{""data_sensitivity"":""moderate"",""regulated_domain"":false,""cloud_processing_allowed"":""yes"",""data_residency_requirement"":""unspecified"",""vendor_allowlist_required"":false}"
"biz-0110","test","business","presentations","people_hr","presentation_creation","v1","Turn this memo into speaker notes for a five-minute presentation to new employees.","T0","synthetic_prior","low","low","small","false","{""data_sensitivity"":""moderate"",""regulated_domain"":true,""cloud_processing_allowed"":""yes"",""data_residency_requirement"":""EU"",""vendor_allowlist_required"":true}"
"biz-0111","test","business","software_engineering","engineering","software_delivery","new","Explain this rate limit message and name the first thing to check.","T0","synthetic_prior","low","low","small","false","{""data_sensitivity"":""low"",""regulated_domain"":true,""cloud_processing_allowed"":""yes"",""data_residency_requirement"":""US"",""vendor_allowlist_required"":true}"
"biz-0112","development","business","it_security_admin","it_security","systems_security","new","Design a least-privilege access model for engineers, support staff, and contractors across AWS, GitHub, and the production database, and state how it would be tested.","T2","synthetic_prior","moderate_to_high","medium","medium_to_large","false","{""data_sensitivity"":""low"",""regulated_domain"":false,""cloud_processing_allowed"":""yes"",""data_residency_requirement"":""unspecified"",""vendor_allowlist_required"":false}"
"biz-0113","test","business","product_design","product","product_definition","new","Create a 10-item QA checklist for the invoice approval flow.","T0","synthetic_prior","low","low","small","false","{""data_sensitivity"":""low"",""regulated_domain"":false,""cloud_processing_allowed"":""yes"",""data_residency_requirement"":""APAC"",""vendor_allowlist_required"":false}"
"biz-0114","development","business","documents_summaries","general_administration","document_synthesis","new","Fix the grammar and punctuation in this project brief without changing its meaning.","T0","synthetic_prior","low","low","small","false","{""data_sensitivity"":""low"",""regulated_domain"":false,""cloud_processing_allowed"":""yes"",""data_residency_requirement"":""unspecified"",""vendor_allowlist_required"":false}"
"biz-0115","development","business","it_security_admin","it_security","systems_security","new","Write a command that lists the ten largest files under /var/log with human-readable sizes, without deleting anything.","T0","synthetic_prior","low","low","small","false","{""data_sensitivity"":""high"",""regulated_domain"":false,""cloud_processing_allowed"":""policy_check_required"",""data_residency_requirement"":""EU"",""vendor_allowlist_required"":true}"
"biz-0116","development","business","marketing_content","marketing","content_creation","v1","Write a campaign brief for launching in Australia and New Zealand, adapting the positioning to the market while preserving the global brand constraints.","T2","synthetic_prior","moderate_to_high","medium","medium_to_large","false","{""data_sensitivity"":""high"",""regulated_domain"":false,""cloud_processing_allowed"":""policy_check_required"",""data_residency_requirement"":""unspecified"",""vendor_allowlist_required"":true}"
"biz-0117","test","business","product_design","product","product_definition","new","Create a 25-item QA checklist for the password reset flow.","T0","synthetic_prior","low","low","small","false","{""data_sensitivity"":""moderate"",""regulated_domain"":false,""cloud_processing_allowed"":""yes"",""data_residency_requirement"":""unspecified"",""vendor_allowlist_required"":false}"
"biz-0118","test","business","software_engineering","engineering","software_delivery","v1","Diagnose an intermittent duplicate-job bug in a TypeScript and PostgreSQL service from the supplied code and logs. Propose a minimal fix, tests, and rollout safeguards.","T2","synthetic_prior","moderate_to_high","medium","medium_to_large","true","{""data_sensitivity"":""moderate"",""regulated_domain"":false,""cloud_processing_allowed"":""yes"",""data_residency_requirement"":""EU"",""vendor_allowlist_required"":false}"
"biz-0119","test","business","market_competitive_research","research_insights","research_analysis","new","Form an investment-grade market thesis for the SMB segment from conflicting analyst reports and incomplete private data, and design the tests that would disconfirm it.","T3","synthetic_prior","high","high","large_or_complex","true","{""data_sensitivity"":""low"",""regulated_domain"":true,""cloud_processing_allowed"":""yes"",""data_residency_requirement"":""unspecified"",""vendor_allowlist_required"":true}"
"biz-0120","test","business","product_design","product","product_definition","new","Synthesize 20 customer interviews into jobs, pains, and opportunity areas, preserving contradictory segments rather than forcing one persona.","T2","synthetic_prior","moderate_to_high","medium","medium_to_large","false","{""data_sensitivity"":""low"",""regulated_domain"":false,""cloud_processing_allowed"":""yes"",""data_residency_requirement"":""US"",""vendor_allowlist_required"":false}"
"biz-0121","development","business","email_communication","general_administration","communication_drafting","v1","Draft a short follow-up email to a vendor who has not replied in five business days. Ask for a delivery date without sounding annoyed.","T0","synthetic_prior","low","low","small","false","{""data_sensitivity"":""low"",""regulated_domain"":false,""cloud_processing_allowed"":""yes"",""data_residency_requirement"":""unspecified"",""vendor_allowlist_required"":false}"
"biz-0122","test","business","data_spreadsheets","finance","data_analysis","v1","Design a driver-based annual budget model for Brightline Energy, including assumptions, formulas, scenario toggles, and checks that catch broken links.","T2","synthetic_prior","moderate_to_high","medium","medium_to_large","false","{""data_sensitivity"":""moderate"",""regulated_domain"":false,""cloud_processing_allowed"":""yes"",""data_residency_requirement"":""unspecified"",""vendor_allowlist_required"":false}"
"biz-0123","test","business","business_strategy","executive_strategy","strategy_planning","new","Evaluate three supplied expansion markets for Harbor & Finch using the attached unit economics, and recommend a sequencing with leading indicators and stop conditions.","T2","synthetic_prior","moderate_to_high","medium","medium_to_large","true","{""data_sensitivity"":""high"",""regulated_domain"":false,""cloud_processing_allowed"":""policy_check_required"",""data_residency_requirement"":""unspecified"",""vendor_allowlist_required"":true}"
"biz-0124","test","business","sales_customer_support","sales","customer_revenue_work","new","Create a discovery-call question set for a finance manager evaluating telehealth portal, organized by workflow, impact, decision process, and timing.","T1","synthetic_prior","low_to_moderate","low_to_medium","small_to_medium","false","{""data_sensitivity"":""low"",""regulated_domain"":false,""cloud_processing_allowed"":""yes"",""data_residency_requirement"":""unspecified"",""vendor_allowlist_required"":false}"
"biz-0125","test","business","market_competitive_research","research_insights","research_analysis","v1","Assess the competitive landscape for expense-management service in the UK and Ireland. Segment competitors by business model and buyer, distinguish sourced facts from inference, and identify evidence gaps.","T2","synthetic_prior","moderate_to_high","medium","medium_to_large","true","{""data_sensitivity"":""low"",""regulated_domain"":false,""cloud_processing_allowed"":""yes"",""data_residency_requirement"":""unspecified"",""vendor_allowlist_required"":false}"
"biz-0126","test","business","sales_customer_support","customer_support","customer_revenue_work","new","A key customer claims a verbal promise of a capability we do not sell. Reconstruct what was likely said across the account history and recommend a response that preserves the relationship without conceding the obligation.","T3","synthetic_prior","high","high","large_or_complex","false","{""data_sensitivity"":""high"",""regulated_domain"":false,""cloud_processing_allowed"":""policy_check_required"",""data_residency_requirement"":""unspecified"",""vendor_allowlist_required"":true}"
"biz-0127","test","business","classification_extraction","operations","classification_extraction","new","Extract the tax id from each of these 20 short records into a single CSV.","T0","synthetic_prior","low","low","small","false","{""data_sensitivity"":""moderate"",""regulated_domain"":true,""cloud_processing_allowed"":""yes"",""data_residency_requirement"":""US"",""vendor_allowlist_required"":true}"
"biz-0128","test","business","software_engineering","engineering","software_delivery","new","Design a zero-downtime migration of the ingestion pipeline to a new managed service without losing ordering guarantees.","T3","synthetic_prior","high","high","large_or_complex","false","{""data_sensitivity"":""moderate"",""regulated_domain"":false,""cloud_processing_allowed"":""yes"",""data_residency_requirement"":""unspecified"",""vendor_allowlist_required"":false}"
"biz-0129","test","business","presentations","general_administration","presentation_creation","v1","Build a workshop deck for regional managers introducing a new operating model. Include exercises, facilitator notes, likely objections, and a concrete close.","T2","synthetic_prior","moderate_to_high","medium","medium_to_large","false","{""data_sensitivity"":""moderate"",""regulated_domain"":true,""cloud_processing_allowed"":""yes"",""data_residency_requirement"":""unspecified"",""vendor_allowlist_required"":true}"
"biz-0130","test","business","marketing_content","marketing","content_creation","new","Build a 40-month launch plan for regional managers covering channels, owners, and review points.","T1","synthetic_prior","low_to_moderate","low_to_medium","small_to_medium","false","{""data_sensitivity"":""moderate"",""regulated_domain"":false,""cloud_processing_allowed"":""yes"",""data_residency_requirement"":""unspecified"",""vendor_allowlist_required"":false}"
"biz-0131","test","business","data_spreadsheets","finance","data_analysis","new","Build a driver-based budget model for Beacon Learning with assumptions, scenario toggles, and integrity checks that catch broken links and circular references.","T2","synthetic_prior","moderate_to_high","medium","medium_to_large","false","{""data_sensitivity"":""low"",""regulated_domain"":false,""cloud_processing_allowed"":""yes"",""data_residency_requirement"":""EU"",""vendor_allowlist_required"":false}"
"biz-0132","test","business","marketing_content","marketing","content_creation","new","Draft a 12-word support macro about the product launch.","T0","synthetic_prior","low","low","small","false","{""data_sensitivity"":""low"",""regulated_domain"":false,""cloud_processing_allowed"":""yes"",""data_residency_requirement"":""unspecified"",""vendor_allowlist_required"":false}"
"biz-0133","test","business","it_security_admin","it_security","systems_security","v1","Develop a recovery plan for a regional cloud failure combined with corrupted backups and uncertain replication state. Prioritize data integrity over superficial availability.","T3","synthetic_prior","high","high","large_or_complex","false","{""data_sensitivity"":""high"",""regulated_domain"":false,""cloud_processing_allowed"":""policy_check_required"",""data_residency_requirement"":""APAC"",""vendor_allowlist_required"":true}"
"biz-0134","development","business","classification_extraction","finance","classification_extraction","v1","Tag these expenses using the supplied chart of accounts and flag entries with insufficient descriptions.","T0","synthetic_prior","low","low","small","true","{""data_sensitivity"":""moderate"",""regulated_domain"":false,""cloud_processing_allowed"":""yes"",""data_residency_requirement"":""unspecified"",""vendor_allowlist_required"":false}"
"biz-0135","test","business","presentations","sales","presentation_creation","v1","Restructure this 24-slide product presentation into a persuasive 10-slide story for prospective customers, preserving evidence and removing redundant claims.","T2","synthetic_prior","moderate_to_high","medium","medium_to_large","false","{""data_sensitivity"":""moderate"",""regulated_domain"":false,""cloud_processing_allowed"":""yes"",""data_residency_requirement"":""EU"",""vendor_allowlist_required"":false}"
"biz-0136","test","business","email_communication","finance","communication_drafting","v1","Rewrite this email to be direct but diplomatic, keeping it under 120 words: “Hi team, just reminding everyone that expense reports need to be submitted by Friday. Late reports delay the close.”","T0","synthetic_prior","low","low","small","true","{""data_sensitivity"":""moderate"",""regulated_domain"":false,""cloud_processing_allowed"":""yes"",""data_residency_requirement"":""US"",""vendor_allowlist_required"":false}"
"biz-0137","development","business","product_design","product","product_definition","v1","Turn these feature notes into five user stories with acceptance criteria.","T0","synthetic_prior","low","low","small","false","{""data_sensitivity"":""high"",""regulated_domain"":false,""cloud_processing_allowed"":""policy_check_required"",""data_residency_requirement"":""unspecified"",""vendor_allowlist_required"":true}"
"biz-0138","test","business","presentations","legal_compliance","presentation_creation","v1","Create an executive presentation that explains a complex restructuring across four business units. Balance financial necessity, employee impact, operational dependencies, and legal uncertainty without false precision.","T3","synthetic_prior","high","high","large_or_complex","false","{""data_sensitivity"":""low"",""regulated_domain"":false,""cloud_processing_allowed"":""yes"",""data_residency_requirement"":""APAC"",""vendor_allowlist_required"":false}"
"biz-0139","test","business","classification_extraction","operations","classification_extraction","new","Normalize these 25 survey responses into the supplied CRM schema, using null when a field is missing.","T1","synthetic_prior","low_to_moderate","low_to_medium","small_to_medium","true","{""data_sensitivity"":""low"",""regulated_domain"":true,""cloud_processing_allowed"":""yes"",""data_residency_requirement"":""EU"",""vendor_allowlist_required"":true}"
"biz-0140","development","business","market_competitive_research","research_insights","research_analysis","new","Determine whether an apparent new category is durable or merely a feature bundle, integrating product architecture, buyer behavior, unit economics, and competitor incentives.","T3","synthetic_prior","high","high","large_or_complex","false","{""data_sensitivity"":""low"",""regulated_domain"":false,""cloud_processing_allowed"":""yes"",""data_residency_requirement"":""unspecified"",""vendor_allowlist_required"":false}"
"biz-0141","test","business","marketing_content","marketing","content_creation","new","Adapt the approved case study for a skeptical CFO and prospective customers without changing the facts.","T1","synthetic_prior","low_to_moderate","low_to_medium","small_to_medium","false","{""data_sensitivity"":""moderate"",""regulated_domain"":false,""cloud_processing_allowed"":""yes"",""data_residency_requirement"":""unspecified"",""vendor_allowlist_required"":false}"
"biz-0142","test","business","presentations","executive_strategy","presentation_creation","v1","Develop three alternative presentation narratives for a board decision on entering Australia and New Zealand: growth-led, risk-led, and option-value-led.","T2","synthetic_prior","moderate_to_high","medium","medium_to_large","false","{""data_sensitivity"":""low"",""regulated_domain"":false,""cloud_processing_allowed"":""yes"",""data_residency_requirement"":""unspecified"",""vendor_allowlist_required"":false}"
"biz-0143","test","business","classification_extraction","operations","classification_extraction","new","Classify each of these 15 job applicants into the three categories supplied, and return one label per row.","T0","synthetic_prior","low","low","small","true","{""data_sensitivity"":""moderate"",""regulated_domain"":false,""cloud_processing_allowed"":""yes"",""data_residency_requirement"":""US"",""vendor_allowlist_required"":false}"
"biz-0144","test","business","documents_summaries","sales","document_synthesis","new","Summarize this meeting summary in three bullets for prospective customers.","T0","synthetic_prior","low","low","small","false","{""data_sensitivity"":""low"",""regulated_domain"":true,""cloud_processing_allowed"":""yes"",""data_residency_requirement"":""unspecified"",""vendor_allowlist_required"":true}"
"biz-0145","test","business","people_finance_legal_ops","finance","corporate_operations","v1","Analyze monthly close delays across Finance, Procurement, and regional teams. Identify process bottlenecks and propose controls without adding unnecessary approvals.","T2","synthetic_prior","moderate_to_high","medium","medium_to_large","false","{""data_sensitivity"":""low"",""regulated_domain"":false,""cloud_processing_allowed"":""yes"",""data_residency_requirement"":""unspecified"",""vendor_allowlist_required"":false}"
"biz-0146","test","business","classification_extraction","finance","classification_extraction","new","Classify each of these 50 invoices into the three categories supplied, and return one label per row.","T0","synthetic_prior","low","low","small","true","{""data_sensitivity"":""moderate"",""regulated_domain"":false,""cloud_processing_allowed"":""yes"",""data_residency_requirement"":""EU"",""vendor_allowlist_required"":false}"
"biz-0147","test","business","documents_summaries","executive_strategy","document_synthesis","new","Summarize this board memo into a decision memo covering scope, fees, assumptions, exclusions, and open questions.","T1","synthetic_prior","low_to_moderate","low_to_medium","small_to_medium","false","{""data_sensitivity"":""high"",""regulated_domain"":false,""cloud_processing_allowed"":""policy_check_required"",""data_residency_requirement"":""unspecified"",""vendor_allowlist_required"":true}"
"biz-0148","test","business","classification_extraction","operations","classification_extraction","new","Extract the tax id from each of these 15 short records into a single CSV.","T0","synthetic_prior","low","low","small","false","{""data_sensitivity"":""moderate"",""regulated_domain"":false,""cloud_processing_allowed"":""yes"",""data_residency_requirement"":""EU"",""vendor_allowlist_required"":false}"
"biz-0149","test","business","email_communication","finance","communication_drafting","v1","Rewrite this email to be friendly and action-oriented, keeping it under 120 words: “Hi team, just reminding everyone that expense reports need to be submitted by Friday. Late reports delay the close.”","T0","synthetic_prior","low","low","small","true","{""data_sensitivity"":""low"",""regulated_domain"":false,""cloud_processing_allowed"":""yes"",""data_residency_requirement"":""unspecified"",""vendor_allowlist_required"":false}"
"biz-0150","test","business","meetings_collaboration","executive_strategy","meeting_synthesis","new","Synthesize six months of board meetings into recurring unresolved decisions and commitments that were never closed, citing speaker and date.","T3","synthetic_prior","high","high","large_or_complex","false","{""data_sensitivity"":""low"",""regulated_domain"":false,""cloud_processing_allowed"":""yes"",""data_residency_requirement"":""unspecified"",""vendor_allowlist_required"":false}"
"biz-0151","development","business","software_engineering","engineering","software_delivery","v1","Trace a production data-corruption bug across a distributed React and Node.js system using partial logs, retries, asynchronous consumers, and a recent schema migration. Identify the most plausible causal chain and safe recovery plan.","T3","synthetic_prior","high","high","large_or_complex","true","{""data_sensitivity"":""low"",""regulated_domain"":true,""cloud_processing_allowed"":""yes"",""data_residency_requirement"":""unspecified"",""vendor_allowlist_required"":true}"
"biz-0152","test","business","email_communication","sales","communication_drafting","v1","Write three subject-line options for an email inviting the board to a 30-minute product demo.","T0","synthetic_prior","low","low","small","false","{""data_sensitivity"":""high"",""regulated_domain"":true,""cloud_processing_allowed"":""policy_check_required"",""data_residency_requirement"":""APAC"",""vendor_allowlist_required"":true}"
"biz-0153","test","business","data_spreadsheets","finance","data_analysis","new","Reconcile results across ERP exports, board packs, and regional spreadsheets that use different currencies, calendars, and recognition rules, and produce an auditable bridge with every adjustment explained.","T3","synthetic_prior","high","high","large_or_complex","true","{""data_sensitivity"":""moderate"",""regulated_domain"":false,""cloud_processing_allowed"":""yes"",""data_residency_requirement"":""APAC"",""vendor_allowlist_required"":false}"
"biz-0154","test","business","sales_customer_support","sales","customer_revenue_work","new","Create a discovery-call question set for a regional sales lead evaluating inventory planning platform, organized by workflow, impact, decision process, and timing.","T1","synthetic_prior","low_to_moderate","low_to_medium","small_to_medium","false","{""data_sensitivity"":""high"",""regulated_domain"":false,""cloud_processing_allowed"":""policy_check_required"",""data_residency_requirement"":""APAC"",""vendor_allowlist_required"":true}"
"biz-0155","test","business","product_design","product","product_definition","new","Rewrite the labels on these dialogs so each is clear and consistent in under eight words.","T0","synthetic_prior","low","low","small","true","{""data_sensitivity"":""low"",""regulated_domain"":false,""cloud_processing_allowed"":""yes"",""data_residency_requirement"":""unspecified"",""vendor_allowlist_required"":false}"
"biz-0156","test","business","email_communication","general_administration","communication_drafting","v1","Create a four-email re-engagement sequence for dormant logistics leads. Each email should have a distinct purpose, avoid fake urgency, and build on the previous one.","T2","synthetic_prior","moderate_to_high","medium","medium_to_large","false","{""data_sensitivity"":""low"",""regulated_domain"":true,""cloud_processing_allowed"":""yes"",""data_residency_requirement"":""US"",""vendor_allowlist_required"":true}"
"biz-0157","test","business","marketing_content","marketing","content_creation","v1","Write five concise LinkedIn captions announcing a webinar for telehealth portal. Avoid emojis and exaggerated claims.","T0","synthetic_prior","low","low","small","false","{""data_sensitivity"":""high"",""regulated_domain"":true,""cloud_processing_allowed"":""policy_check_required"",""data_residency_requirement"":""US"",""vendor_allowlist_required"":true}"
"biz-0158","test","business","marketing_content","marketing","content_creation","new","Adapt the approved product announcement for prospective customers and regional managers without changing the facts.","T1","synthetic_prior","low_to_moderate","low_to_medium","small_to_medium","false","{""data_sensitivity"":""high"",""regulated_domain"":false,""cloud_processing_allowed"":""policy_check_required"",""data_residency_requirement"":""US"",""vendor_allowlist_required"":true}"
"biz-0159","development","business","people_finance_legal_ops","finance","corporate_operations","new","Assess whether to recognize revenue on a complex multi-year contract with variable consideration, implementation obligations, and side letters. Present the competing interpretations and the evidence each one requires.","T3","synthetic_prior","high","high","large_or_complex","false","{""data_sensitivity"":""moderate"",""regulated_domain"":false,""cloud_processing_allowed"":""yes"",""data_residency_requirement"":""unspecified"",""vendor_allowlist_required"":false}"
"biz-0160","test","business","software_engineering","engineering","software_delivery","new","Add a docstring and one usage example to the SQL function below.","T0","synthetic_prior","low","low","small","false","{""data_sensitivity"":""high"",""regulated_domain"":false,""cloud_processing_allowed"":""policy_check_required"",""data_residency_requirement"":""unspecified"",""vendor_allowlist_required"":true}"
"biz-0161","test","business","email_communication","general_administration","communication_drafting","v1","Create a four-email re-engagement sequence for dormant healthcare operations leads. Each email should have a distinct purpose, avoid fake urgency, and build on the previous one.","T2","synthetic_prior","moderate_to_high","medium","medium_to_large","false","{""data_sensitivity"":""low"",""regulated_domain"":true,""cloud_processing_allowed"":""yes"",""data_residency_requirement"":""unspecified"",""vendor_allowlist_required"":true}"
"biz-0162","test","business","marketing_content","marketing","content_creation","new","Build a 30-month launch plan for enterprise buyers covering channels, owners, and review points.","T1","synthetic_prior","low_to_moderate","low_to_medium","small_to_medium","false","{""data_sensitivity"":""moderate"",""regulated_domain"":false,""cloud_processing_allowed"":""yes"",""data_residency_requirement"":""APAC"",""vendor_allowlist_required"":false}"
"biz-0163","development","business","classification_extraction","customer_support","classification_extraction","v1","Categorize each of these 25 survey comments as product, pricing, support, onboarding, or other. Return CSV with one label per comment.","T0","synthetic_prior","low","low","small","false","{""data_sensitivity"":""low"",""regulated_domain"":false,""cloud_processing_allowed"":""yes"",""data_residency_requirement"":""APAC"",""vendor_allowlist_required"":false}"
"biz-0164","test","business","market_competitive_research","research_insights","research_analysis","v1","Build a lightweight market-sizing worksheet from the supplied customer counts and spending assumptions, showing low, base, and high cases.","T1","synthetic_prior","low_to_moderate","low_to_medium","small_to_medium","true","{""data_sensitivity"":""moderate"",""regulated_domain"":false,""cloud_processing_allowed"":""yes"",""data_residency_requirement"":""unspecified"",""vendor_allowlist_required"":false}"
"biz-0165","test","business","people_finance_legal_ops","legal_compliance","corporate_operations","v1","Turn this new procurement policy into an implementation plan covering communications, training, system changes, controls, and adoption measures.","T1","synthetic_prior","low_to_moderate","low_to_medium","small_to_medium","false","{""data_sensitivity"":""high"",""regulated_domain"":false,""cloud_processing_allowed"":""policy_check_required"",""data_residency_requirement"":""unspecified"",""vendor_allowlist_required"":true}"
"biz-0166","test","business","documents_summaries","general_administration","document_synthesis","new","Turn these 25 bullets into a numbered checklist, keeping the original order.","T0","synthetic_prior","low","low","small","false","{""data_sensitivity"":""low"",""regulated_domain"":false,""cloud_processing_allowed"":""yes"",""data_residency_requirement"":""unspecified"",""vendor_allowlist_required"":false}"
"biz-0167","test","business","business_strategy","executive_strategy","strategy_planning","new","Evaluate three supplied expansion markets for Clearwater Financial using the attached unit economics, and recommend a sequencing with leading indicators and stop conditions.","T2","synthetic_prior","moderate_to_high","medium","medium_to_large","true","{""data_sensitivity"":""low"",""regulated_domain"":false,""cloud_processing_allowed"":""yes"",""data_residency_requirement"":""EU"",""vendor_allowlist_required"":false}"
"biz-0168","test","business","software_engineering","engineering","software_delivery","new","Trace a production data-corruption bug across the reporting API using partial logs, retries, asynchronous consumers, and a recent schema migration. Identify the most plausible causal chain and a safe recovery plan.","T3","synthetic_prior","high","high","large_or_complex","true","{""data_sensitivity"":""low"",""regulated_domain"":false,""cloud_processing_allowed"":""yes"",""data_residency_requirement"":""EU"",""vendor_allowlist_required"":false}"
"biz-0169","development","business","sales_customer_support","customer_support","customer_revenue_work","new","Create a negotiation plan for a renewal where usage grew 40%, the customer wants flat pricing, and a competitor has offered a migration credit.","T2","synthetic_prior","moderate_to_high","medium","medium_to_large","false","{""data_sensitivity"":""low"",""regulated_domain"":false,""cloud_processing_allowed"":""yes"",""data_residency_requirement"":""unspecified"",""vendor_allowlist_required"":false}"
"biz-0170","test","business","documents_summaries","executive_strategy","document_synthesis","new","Summarize this board memo into scope, fees, assumptions, exclusions, timeline, and the questions we still need to ask.","T1","synthetic_prior","low_to_moderate","low_to_medium","small_to_medium","false","{""data_sensitivity"":""high"",""regulated_domain"":false,""cloud_processing_allowed"":""policy_check_required"",""data_residency_requirement"":""EU"",""vendor_allowlist_required"":true}"
"biz-0171","test","business","marketing_content","marketing","content_creation","new","Draft a 40-word newsletter about the system maintenance.","T0","synthetic_prior","low","low","small","false","{""data_sensitivity"":""low"",""regulated_domain"":false,""cloud_processing_allowed"":""yes"",""data_residency_requirement"":""EU"",""vendor_allowlist_required"":false}"
"biz-0172","test","business","data_spreadsheets","analytics","data_analysis","new","Build a driver-based forecast model for Aperture Labs with assumptions, scenario toggles, and integrity checks that catch broken links.","T2","synthetic_prior","moderate_to_high","medium","medium_to_large","false","{""data_sensitivity"":""low"",""regulated_domain"":true,""cloud_processing_allowed"":""yes"",""data_residency_requirement"":""unspecified"",""vendor_allowlist_required"":true}"
"biz-0173","test","business","documents_summaries","executive_strategy","document_synthesis","v1","Turn a 35-page technical report into a two-page executive brief for the executive team, preserving uncertainty and the limits of the analysis.","T2","synthetic_prior","moderate_to_high","medium","medium_to_large","false","{""data_sensitivity"":""high"",""regulated_domain"":false,""cloud_processing_allowed"":""policy_check_required"",""data_residency_requirement"":""unspecified"",""vendor_allowlist_required"":true}"
"biz-0174","test","business","presentations","people_hr","presentation_creation","v1","Create a customer-training deck outline for learning-management platform, including setup, core workflow, common mistakes, and support resources.","T1","synthetic_prior","low_to_moderate","low_to_medium","small_to_medium","true","{""data_sensitivity"":""low"",""regulated_domain"":false,""cloud_processing_allowed"":""yes"",""data_residency_requirement"":""APAC"",""vendor_allowlist_required"":false}"
"biz-0175","test","business","business_strategy","executive_strategy","strategy_planning","new","Advise whether Cedar Health should build, buy, or partner for incident response, weighing control, speed, integration risk, and the scenario in which each choice fails.","T3","synthetic_prior","high","high","large_or_complex","false","{""data_sensitivity"":""low"",""regulated_domain"":false,""cloud_processing_allowed"":""yes"",""data_residency_requirement"":""unspecified"",""vendor_allowlist_required"":false}"
"biz-0176","test","business","classification_extraction","operations","classification_extraction","new","Normalize these 25 leads into the supplied CRM schema, using null when a field is missing.","T1","synthetic_prior","low_to_moderate","low_to_medium","small_to_medium","true","{""data_sensitivity"":""moderate"",""regulated_domain"":false,""cloud_processing_allowed"":""yes"",""data_residency_requirement"":""unspecified"",""vendor_allowlist_required"":false}"
"biz-0177","test","business","software_engineering","engineering","software_delivery","new","Design a zero-downtime migration of the identity service to a sharded setup without losing ordering guarantees.","T3","synthetic_prior","high","high","large_or_complex","false","{""data_sensitivity"":""moderate"",""regulated_domain"":false,""cloud_processing_allowed"":""yes"",""data_residency_requirement"":""unspecified"",""vendor_allowlist_required"":false}"
"biz-0178","test","business","software_engineering","engineering","software_delivery","v1","Review this pull request for correctness, security, performance, and maintainability. Rank findings and avoid style-only comments.","T2","synthetic_prior","moderate_to_high","medium","medium_to_large","false","{""data_sensitivity"":""moderate"",""regulated_domain"":false,""cloud_processing_allowed"":""yes"",""data_residency_requirement"":""EU"",""vendor_allowlist_required"":false}"
"biz-0179","test","business","sales_customer_support","sales","customer_revenue_work","v1","Create a discovery-call question set for an operations director evaluating procurement marketplace, organized by workflow, impact, decision process, and timing.","T1","synthetic_prior","low_to_moderate","low_to_medium","small_to_medium","false","{""data_sensitivity"":""low"",""regulated_domain"":true,""cloud_processing_allowed"":""yes"",""data_residency_requirement"":""unspecified"",""vendor_allowlist_required"":true}"
"biz-0180","development","business","software_engineering","engineering","software_delivery","new","Refactor the billing module into testable components without changing public behavior, with an incremental migration plan.","T2","synthetic_prior","moderate_to_high","medium","medium_to_large","false","{""data_sensitivity"":""moderate"",""regulated_domain"":false,""cloud_processing_allowed"":""yes"",""data_residency_requirement"":""EU"",""vendor_allowlist_required"":false}"
"biz-0181","development","business","people_finance_legal_ops","finance","corporate_operations","new","Assess whether to recognize revenue on a usage-based contract with variable consideration and side letters, presenting the competing interpretations and the evidence each requires.","T3","synthetic_prior","high","high","large_or_complex","false","{""data_sensitivity"":""low"",""regulated_domain"":false,""cloud_processing_allowed"":""yes"",""data_residency_requirement"":""US"",""vendor_allowlist_required"":false}"
"biz-0182","test","business","documents_summaries","legal_compliance","document_synthesis","new","Reconcile the audit findings, the market report, and the board minutes into an obligation matrix with conflicts, jurisdictional caveats, and questions for counsel.","T3","synthetic_prior","high","high","large_or_complex","false","{""data_sensitivity"":""low"",""regulated_domain"":false,""cloud_processing_allowed"":""yes"",""data_residency_requirement"":""unspecified"",""vendor_allowlist_required"":false}"
"biz-0183","development","business","business_strategy","executive_strategy","strategy_planning","new","Assess whether to wind down a declining product line whose customers depend on it for a regulated workflow. Use the supplied churn, support, and contractual data to model the financial, legal, and reputational consequences, and recommend a staged plan with decision gates.","T3","synthetic_prior","high","high","large_or_complex","true","{""data_sensitivity"":""low"",""regulated_domain"":false,""cloud_processing_allowed"":""yes"",""data_residency_requirement"":""US"",""vendor_allowlist_required"":false}"
"biz-0184","test","business","market_competitive_research","research_insights","research_analysis","v1","Analyze how a major regulatory change could reshape the competitive structure of specialty retail over five years. Model second-order effects, strategic responses, and alternative scenarios.","T3","synthetic_prior","high","high","large_or_complex","false","{""data_sensitivity"":""high"",""regulated_domain"":false,""cloud_processing_allowed"":""policy_check_required"",""data_residency_requirement"":""US"",""vendor_allowlist_required"":true}"
"biz-0185","test","business","presentations","general_administration","presentation_creation","v1","Build a workshop deck for a skeptical CFO introducing a new operating model. Include exercises, facilitator notes, likely objections, and a concrete close.","T2","synthetic_prior","moderate_to_high","medium","medium_to_large","false","{""data_sensitivity"":""moderate"",""regulated_domain"":false,""cloud_processing_allowed"":""yes"",""data_residency_requirement"":""unspecified"",""vendor_allowlist_required"":false}"
"biz-0186","test","business","market_competitive_research","research_insights","research_analysis","v1","Assess the competitive landscape for procurement marketplace in the US Midwest. Segment competitors by business model and buyer, distinguish sourced facts from inference, and identify evidence gaps.","T2","synthetic_prior","moderate_to_high","medium","medium_to_large","true","{""data_sensitivity"":""low"",""regulated_domain"":false,""cloud_processing_allowed"":""yes"",""data_residency_requirement"":""EU"",""vendor_allowlist_required"":false}"
"biz-0187","test","business","market_competitive_research","research_insights","research_analysis","new","Assess the competitive landscape for employee scheduling app in the US Midwest, segmenting competitors by business model and buyer, distinguishing sourced facts from inference, and naming the evidence gaps.","T2","synthetic_prior","moderate_to_high","medium","medium_to_large","true","{""data_sensitivity"":""low"",""regulated_domain"":false,""cloud_processing_allowed"":""yes"",""data_residency_requirement"":""EU"",""vendor_allowlist_required"":false}"
"biz-0188","test","business","product_design","product","product_definition","new","Create a 30-item QA checklist for the password reset flow.","T0","synthetic_prior","low","low","small","false","{""data_sensitivity"":""moderate"",""regulated_domain"":false,""cloud_processing_allowed"":""yes"",""data_residency_requirement"":""unspecified"",""vendor_allowlist_required"":false}"
"biz-0189","test","business","sales_customer_support","customer_support","customer_revenue_work","v1","Draft a polite response telling a customer where to find their invoice and how to update the billing contact.","T0","synthetic_prior","low","low","small","false","{""data_sensitivity"":""moderate"",""regulated_domain"":false,""cloud_processing_allowed"":""yes"",""data_residency_requirement"":""EU"",""vendor_allowlist_required"":false}"
"biz-0190","test","business","market_competitive_research","research_insights","research_analysis","new","Analyze how a major regulatory change could reshape the competitive structure of B2B software over five years, modeling second-order effects, strategic responses, and alternative scenarios.","T3","synthetic_prior","high","high","large_or_complex","false","{""data_sensitivity"":""low"",""regulated_domain"":false,""cloud_processing_allowed"":""yes"",""data_residency_requirement"":""unspecified"",""vendor_allowlist_required"":false}"
"biz-0191","test","business","data_spreadsheets","finance","data_analysis","new","Write a TypeScript formula that flags a row when net revenue retention falls below the target in column D.","T0","synthetic_prior","low","low","small","false","{""data_sensitivity"":""high"",""regulated_domain"":true,""cloud_processing_allowed"":""policy_check_required"",""data_residency_requirement"":""EU"",""vendor_allowlist_required"":true}"
"biz-0192","test","business","email_communication","sales","communication_drafting","v1","Write three subject-line options for an email inviting enterprise buyers to a 30-minute product demo.","T0","synthetic_prior","low","low","small","false","{""data_sensitivity"":""moderate"",""regulated_domain"":false,""cloud_processing_allowed"":""yes"",""data_residency_requirement"":""US"",""vendor_allowlist_required"":false}"
"biz-0193","test","business","documents_summaries","general_administration","document_synthesis","new","Summarize this security questionnaire into scope, fees, assumptions, exclusions, timeline, and the questions we still need to ask.","T1","synthetic_prior","low_to_moderate","low_to_medium","small_to_medium","false","{""data_sensitivity"":""moderate"",""regulated_domain"":true,""cloud_processing_allowed"":""yes"",""data_residency_requirement"":""unspecified"",""vendor_allowlist_required"":true}"
"biz-0194","test","business","business_strategy","executive_strategy","strategy_planning","new","Reconcile two business units that report on-time delivery differently and both claim the higher figure. Determine the defensible number and the control that prevents recurrence.","T3","synthetic_prior","high","high","large_or_complex","false","{""data_sensitivity"":""low"",""regulated_domain"":false,""cloud_processing_allowed"":""yes"",""data_residency_requirement"":""US"",""vendor_allowlist_required"":false}"
"biz-0195","test","business","marketing_content","marketing","content_creation","new","Write a launch FAQ for telehealth portal using the supplied positioning, proof points, and prohibited claims.","T1","synthetic_prior","low_to_moderate","low_to_medium","small_to_medium","true","{""data_sensitivity"":""low"",""regulated_domain"":false,""cloud_processing_allowed"":""yes"",""data_residency_requirement"":""unspecified"",""vendor_allowlist_required"":false}"
"biz-0196","test","business","business_strategy","executive_strategy","strategy_planning","v1","Develop three strategic options for entering Australia and New Zealand, with required capabilities, leading indicators, reversibility, and explicit kill criteria.","T2","synthetic_prior","moderate_to_high","medium","medium_to_large","false","{""data_sensitivity"":""low"",""regulated_domain"":false,""cloud_processing_allowed"":""yes"",""data_residency_requirement"":""unspecified"",""vendor_allowlist_required"":false}"
"biz-0197","test","business","marketing_content","marketing","content_creation","v1","Write five concise LinkedIn captions announcing a webinar for warehouse analytics product. Avoid emojis and exaggerated claims.","T0","synthetic_prior","low","low","small","false","{""data_sensitivity"":""low"",""regulated_domain"":false,""cloud_processing_allowed"":""yes"",""data_residency_requirement"":""unspecified"",""vendor_allowlist_required"":false}"
"biz-0198","test","business","marketing_content","marketing","content_creation","new","Develop messaging pillars for inventory planning platform across three buyer roles, giving each role a problem, a promise, a proof point, and an objection response.","T2","synthetic_prior","moderate_to_high","medium","medium_to_large","false","{""data_sensitivity"":""low"",""regulated_domain"":false,""cloud_processing_allowed"":""yes"",""data_residency_requirement"":""EU"",""vendor_allowlist_required"":false}"
"biz-0199","test","business","documents_summaries","legal_compliance","document_synthesis","new","Reconcile the regulatory consultation, the market report, and the board minutes into an obligation matrix with conflicts, jurisdictional caveats, and questions for counsel.","T3","synthetic_prior","high","high","large_or_complex","false","{""data_sensitivity"":""low"",""regulated_domain"":false,""cloud_processing_allowed"":""yes"",""data_residency_requirement"":""US"",""vendor_allowlist_required"":false}"
"biz-0200","test","business","it_security_admin","it_security","systems_security","new","Design a least-privilege access model for a procurement manager across GitHub, and state how it would be tested.","T2","synthetic_prior","moderate_to_high","medium","medium_to_large","false","{""data_sensitivity"":""low"",""regulated_domain"":false,""cloud_processing_allowed"":""yes"",""data_residency_requirement"":""unspecified"",""vendor_allowlist_required"":false}"
"biz-0201","test","business","presentations","executive_strategy","presentation_creation","v1","Restructure this 24-slide product presentation into a persuasive 10-slide story for the board, preserving evidence and removing redundant claims.","T2","synthetic_prior","moderate_to_high","medium","medium_to_large","false","{""data_sensitivity"":""low"",""regulated_domain"":false,""cloud_processing_allowed"":""yes"",""data_residency_requirement"":""APAC"",""vendor_allowlist_required"":false}"
"biz-0202","test","business","marketing_content","marketing","content_creation","new","Build a 12-month launch plan for the board covering channels, owners, and review points.","T1","synthetic_prior","low_to_moderate","low_to_medium","small_to_medium","false","{""data_sensitivity"":""moderate"",""regulated_domain"":false,""cloud_processing_allowed"":""yes"",""data_residency_requirement"":""unspecified"",""vendor_allowlist_required"":false}"
"biz-0203","test","business","sales_customer_support","customer_support","customer_revenue_work","v1","Review 50 support tickets, identify recurring root-cause themes, and propose product and process interventions ranked by likely impact.","T2","synthetic_prior","moderate_to_high","medium","medium_to_large","false","{""data_sensitivity"":""high"",""regulated_domain"":false,""cloud_processing_allowed"":""policy_check_required"",""data_residency_requirement"":""unspecified"",""vendor_allowlist_required"":true}"
"biz-0204","development","business","meetings_collaboration","operations","meeting_synthesis","new","Turn this transcript excerpt into five bullets covering decisions, owners, and dates, and mark any owner who was not explicitly named.","T0","synthetic_prior","low","low","small","true","{""data_sensitivity"":""low"",""regulated_domain"":false,""cloud_processing_allowed"":""yes"",""data_residency_requirement"":""APAC"",""vendor_allowlist_required"":false}"
"biz-0205","test","business","product_design","product","product_definition","v1","Design an onboarding experiment for inventory planning platform that can distinguish comprehension problems from missing product value.","T2","synthetic_prior","moderate_to_high","medium","medium_to_large","false","{""data_sensitivity"":""moderate"",""regulated_domain"":true,""cloud_processing_allowed"":""yes"",""data_residency_requirement"":""unspecified"",""vendor_allowlist_required"":true}"
"biz-0206","test","business","market_competitive_research","research_insights","research_analysis","v1","Create a market-entry brief for North America covering buyer structure, regulation, channels, incumbent responses, and the cheapest experiments that could invalidate the thesis.","T2","synthetic_prior","moderate_to_high","medium","medium_to_large","false","{""data_sensitivity"":""moderate"",""regulated_domain"":false,""cloud_processing_allowed"":""yes"",""data_residency_requirement"":""unspecified"",""vendor_allowlist_required"":false}"
"biz-0207","development","business","software_engineering","engineering","software_delivery","v1","Trace a production data-corruption bug across a distributed Kubernetes on AWS system using partial logs, retries, asynchronous consumers, and a recent schema migration. Identify the most plausible causal chain and safe recovery plan.","T3","synthetic_prior","high","high","large_or_complex","true","{""data_sensitivity"":""moderate"",""regulated_domain"":true,""cloud_processing_allowed"":""yes"",""data_residency_requirement"":""EU"",""vendor_allowlist_required"":true}"
"biz-0208","test","business","email_communication","sales","communication_drafting","v1","Write three subject-line options for an email inviting a skeptical CFO to a 30-minute product demo.","T0","synthetic_prior","low","low","small","false","{""data_sensitivity"":""high"",""regulated_domain"":false,""cloud_processing_allowed"":""policy_check_required"",""data_residency_requirement"":""EU"",""vendor_allowlist_required"":true}"
"biz-0209","test","business","presentations","executive_strategy","presentation_creation","v1","Restructure this 24-slide product presentation into a persuasive 10-slide story for the executive team, preserving evidence and removing redundant claims.","T2","synthetic_prior","moderate_to_high","medium","medium_to_large","false","{""data_sensitivity"":""low"",""regulated_domain"":false,""cloud_processing_allowed"":""yes"",""data_residency_requirement"":""US"",""vendor_allowlist_required"":false}"
"biz-0210","test","business","meetings_collaboration","people_hr","meeting_synthesis","v1","Summarize these meeting notes into decisions, action items, owners, and due dates. Do not invent missing owners: “Pricing stays unchanged. Maya will update the FAQ by Thursday. API launch moved to June. Need someone to confirm training dates.”","T0","synthetic_prior","low","low","small","false","{""data_sensitivity"":""low"",""regulated_domain"":false,""cloud_processing_allowed"":""yes"",""data_residency_requirement"":""unspecified"",""vendor_allowlist_required"":false}"
"biz-0211","development","business","data_spreadsheets","analytics","data_analysis","v1","Translate this manual monthly reporting process into a reproducible SQL-and-spreadsheet workflow with validation steps and ownership.","T2","synthetic_prior","moderate_to_high","medium","medium_to_large","false","{""data_sensitivity"":""low"",""regulated_domain"":false,""cloud_processing_allowed"":""yes"",""data_residency_requirement"":""unspecified"",""vendor_allowlist_required"":false}"
"biz-0212","development","business","marketing_content","marketing","content_creation","v1","Create a month-long content calendar across blog, email, and LinkedIn for one campaign theme and two buyer personas.","T1","synthetic_prior","low_to_moderate","low_to_medium","small_to_medium","false","{""data_sensitivity"":""low"",""regulated_domain"":false,""cloud_processing_allowed"":""yes"",""data_residency_requirement"":""EU"",""vendor_allowlist_required"":false}"
"biz-0213","test","business","marketing_content","marketing","content_creation","v1","Create a content strategy for a small manufacturing company with a six-person marketing team, a limited paid budget, and a goal of qualified pipeline rather than traffic.","T2","synthetic_prior","moderate_to_high","medium","medium_to_large","false","{""data_sensitivity"":""low"",""regulated_domain"":true,""cloud_processing_allowed"":""yes"",""data_residency_requirement"":""unspecified"",""vendor_allowlist_required"":true}"
"biz-0214","development","business","marketing_content","marketing","content_creation","v1","Write a campaign brief for launching in the UK and Ireland, adapting the positioning to the market while preserving the global brand constraints.","T2","synthetic_prior","moderate_to_high","medium","medium_to_large","false","{""data_sensitivity"":""low"",""regulated_domain"":false,""cloud_processing_allowed"":""yes"",""data_residency_requirement"":""US"",""vendor_allowlist_required"":false}"
"biz-0215","development","business","market_competitive_research","research_insights","research_analysis","new","Create structured competitor profiles from the supplied pages and review excerpts, clearly separating stated facts from interpretation.","T1","synthetic_prior","low_to_moderate","low_to_medium","small_to_medium","true","{""data_sensitivity"":""low"",""regulated_domain"":true,""cloud_processing_allowed"":""yes"",""data_residency_requirement"":""EU"",""vendor_allowlist_required"":true}"
"biz-0216","development","business","classification_extraction","operations","classification_extraction","new","Classify 300 inbound procurement requests against the supplied 25-category taxonomy, return the top two labels with an evidence phrase for each, and route anything below the stated confidence to review.","T2","synthetic_prior","moderate_to_high","medium","medium_to_large","true","{""data_sensitivity"":""low"",""regulated_domain"":true,""cloud_processing_allowed"":""yes"",""data_residency_requirement"":""US"",""vendor_allowlist_required"":true}"
"biz-0217","test","business","data_spreadsheets","analytics","data_analysis","new","Write a SQL query that returns support backlog by region for the last 30 days.","T0","synthetic_prior","low","low","small","false","{""data_sensitivity"":""moderate"",""regulated_domain"":true,""cloud_processing_allowed"":""yes"",""data_residency_requirement"":""unspecified"",""vendor_allowlist_required"":true}"
"biz-0218","test","business","it_security_admin","it_security","systems_security","new","Design a least-privilege access model for a regional sales lead across Kubernetes, and state how it would be tested.","T2","synthetic_prior","moderate_to_high","medium","medium_to_large","false","{""data_sensitivity"":""low"",""regulated_domain"":false,""cloud_processing_allowed"":""yes"",""data_residency_requirement"":""unspecified"",""vendor_allowlist_required"":false}"
"biz-0219","test","business","market_competitive_research","research_insights","research_analysis","new","Assess the competitive landscape for employee scheduling app in Australia and New Zealand, segmenting competitors by business model and buyer, distinguishing sourced facts from inference, and naming the evidence gaps.","T2","synthetic_prior","moderate_to_high","medium","medium_to_large","true","{""data_sensitivity"":""low"",""regulated_domain"":false,""cloud_processing_allowed"":""yes"",""data_residency_requirement"":""US"",""vendor_allowlist_required"":false}"
"biz-0220","test","business","product_design","product","product_definition","new","Synthesize 25 customer interviews into jobs, pains, and opportunity areas, preserving contradictory segments rather than forcing one persona.","T2","synthetic_prior","moderate_to_high","medium","medium_to_large","false","{""data_sensitivity"":""high"",""regulated_domain"":false,""cloud_processing_allowed"":""policy_check_required"",""data_residency_requirement"":""APAC"",""vendor_allowlist_required"":true}"
"biz-0221","test","business","market_competitive_research","research_insights","research_analysis","new","Summarize these two market notes and list the points where they disagree.","T0","synthetic_prior","low","low","small","false","{""data_sensitivity"":""high"",""regulated_domain"":false,""cloud_processing_allowed"":""policy_check_required"",""data_residency_requirement"":""US"",""vendor_allowlist_required"":true}"
"biz-0222","development","business","marketing_content","marketing","content_creation","v1","Write a campaign brief for launching in DACH, adapting the positioning to the market while preserving the global brand constraints.","T2","synthetic_prior","moderate_to_high","medium","medium_to_large","false","{""data_sensitivity"":""high"",""regulated_domain"":false,""cloud_processing_allowed"":""policy_check_required"",""data_residency_requirement"":""unspecified"",""vendor_allowlist_required"":true}"
"biz-0223","development","business","classification_extraction","operations","classification_extraction","v1","Extract milestones, owners, dates, risks, and dependencies from these project updates and normalize the results into one JSON schema.","T1","synthetic_prior","low_to_moderate","low_to_medium","small_to_medium","false","{""data_sensitivity"":""low"",""regulated_domain"":false,""cloud_processing_allowed"":""yes"",""data_residency_requirement"":""unspecified"",""vendor_allowlist_required"":false}"
"biz-0224","test","business","documents_summaries","sales","document_synthesis","new","Summarize this project brief in three bullets for enterprise buyers.","T0","synthetic_prior","low","low","small","false","{""data_sensitivity"":""high"",""regulated_domain"":false,""cloud_processing_allowed"":""policy_check_required"",""data_residency_requirement"":""EU"",""vendor_allowlist_required"":true}"
"biz-0225","test","business","market_competitive_research","research_insights","research_analysis","v1","Analyze how a major regulatory change could reshape the competitive structure of professional services over five years. Model second-order effects, strategic responses, and alternative scenarios.","T3","synthetic_prior","high","high","large_or_complex","false","{""data_sensitivity"":""low"",""regulated_domain"":true,""cloud_processing_allowed"":""yes"",""data_residency_requirement"":""unspecified"",""vendor_allowlist_required"":true}"
"biz-0226","test","business","software_engineering","engineering","software_delivery","new","Design a zero-downtime migration of the ingestion pipeline to a sharded setup without losing ordering guarantees.","T3","synthetic_prior","high","high","large_or_complex","false","{""data_sensitivity"":""low"",""regulated_domain"":false,""cloud_processing_allowed"":""yes"",""data_residency_requirement"":""unspecified"",""vendor_allowlist_required"":false}"
"biz-0227","test","business","market_competitive_research","research_insights","research_analysis","v1","Create a comparison table from these five supplied competitor descriptions using pricing, target customer, integrations, and deployment model.","T0","synthetic_prior","low","low","small","true","{""data_sensitivity"":""moderate"",""regulated_domain"":true,""cloud_processing_allowed"":""yes"",""data_residency_requirement"":""unspecified"",""vendor_allowlist_required"":true}"
"biz-0228","test","business","documents_summaries","legal_compliance","document_synthesis","new","Reconcile the regulatory consultation, the customer thread, and the board minutes into an obligation matrix with conflicts, jurisdictional caveats, and questions for counsel.","T3","synthetic_prior","high","high","large_or_complex","true","{""data_sensitivity"":""moderate"",""regulated_domain"":false,""cloud_processing_allowed"":""yes"",""data_residency_requirement"":""unspecified"",""vendor_allowlist_required"":false}"
"biz-0229","development","business","documents_summaries","general_administration","document_synthesis","new","Synthesize competing technical and commercial reports into a defensible recommendation that shows how the conclusion changes if the key uncertain assumptions are wrong.","T3","synthetic_prior","high","high","large_or_complex","true","{""data_sensitivity"":""low"",""regulated_domain"":false,""cloud_processing_allowed"":""yes"",""data_residency_requirement"":""APAC"",""vendor_allowlist_required"":false}"
"biz-0230","development","business","data_spreadsheets","analytics","data_analysis","v1","Write an Excel formula that returns “Late” when the due date in D2 is before today and the status in E2 is not “Complete”.","T0","synthetic_prior","low","low","small","false","{""data_sensitivity"":""low"",""regulated_domain"":false,""cloud_processing_allowed"":""yes"",""data_residency_requirement"":""APAC"",""vendor_allowlist_required"":false}"
"biz-0231","test","business","classification_extraction","finance","classification_extraction","new","Normalize these 60 expense entries into the supplied CRM schema, using null when a field is missing.","T1","synthetic_prior","low_to_moderate","low_to_medium","small_to_medium","true","{""data_sensitivity"":""moderate"",""regulated_domain"":false,""cloud_processing_allowed"":""yes"",""data_residency_requirement"":""unspecified"",""vendor_allowlist_required"":false}"
"biz-0232","test","business","data_spreadsheets","finance","data_analysis","v1","Design a driver-based annual budget model for Juniper Retail, including assumptions, formulas, scenario toggles, and checks that catch broken links.","T2","synthetic_prior","moderate_to_high","medium","medium_to_large","false","{""data_sensitivity"":""high"",""regulated_domain"":false,""cloud_processing_allowed"":""policy_check_required"",""data_residency_requirement"":""EU"",""vendor_allowlist_required"":true}"
"biz-0233","test","business","software_engineering","engineering","software_delivery","new","Trace a production data-corruption bug across the search indexer using partial logs, retries, asynchronous consumers, and a recent schema migration. Identify the most plausible causal chain and a safe recovery plan.","T3","synthetic_prior","high","high","large_or_complex","true","{""data_sensitivity"":""high"",""regulated_domain"":true,""cloud_processing_allowed"":""policy_check_required"",""data_residency_requirement"":""EU"",""vendor_allowlist_required"":true}"
"biz-0234","test","business","market_competitive_research","research_insights","research_analysis","new","Analyze how a major regulatory change could reshape the competitive structure of financial services over five years, modeling second-order effects, strategic responses, and alternative scenarios.","T3","synthetic_prior","high","high","large_or_complex","false","{""data_sensitivity"":""low"",""regulated_domain"":false,""cloud_processing_allowed"":""yes"",""data_residency_requirement"":""APAC"",""vendor_allowlist_required"":false}"
"biz-0235","test","business","email_communication","executive_strategy","communication_drafting","new","Analyze twenty executive emails about a stalled acquisition, infer each stakeholders unstated concern, and draft a message that moves the group toward a decision without overstating consensus.","T3","synthetic_prior","high","high","large_or_complex","false","{""data_sensitivity"":""moderate"",""regulated_domain"":false,""cloud_processing_allowed"":""yes"",""data_residency_requirement"":""unspecified"",""vendor_allowlist_required"":false}"
"biz-0236","development","business","marketing_content","marketing","content_creation","v1","Write a landing-page draft for employee scheduling app using the supplied positioning, proof points, and prohibited-claims list.","T1","synthetic_prior","low_to_moderate","low_to_medium","small_to_medium","true","{""data_sensitivity"":""moderate"",""regulated_domain"":false,""cloud_processing_allowed"":""yes"",""data_residency_requirement"":""unspecified"",""vendor_allowlist_required"":false}"
"biz-0237","test","business","classification_extraction","operations","classification_extraction","new","Classify each of these 50 job applicants into the three categories supplied, and return one label per row.","T0","synthetic_prior","low","low","small","true","{""data_sensitivity"":""moderate"",""regulated_domain"":false,""cloud_processing_allowed"":""yes"",""data_residency_requirement"":""APAC"",""vendor_allowlist_required"":false}"
"biz-0238","test","business","it_security_admin","it_security","systems_security","v1","Translate this firewall-change request into an implementation checklist that includes source, destination, port, owner, test, and expiration date.","T1","synthetic_prior","low_to_moderate","low_to_medium","small_to_medium","true","{""data_sensitivity"":""moderate"",""regulated_domain"":false,""cloud_processing_allowed"":""yes"",""data_residency_requirement"":""US"",""vendor_allowlist_required"":false}"
"biz-0239","development","business","software_engineering","engineering","software_delivery","v1","Trace a production data-corruption bug across a distributed TypeScript and PostgreSQL system using partial logs, retries, asynchronous consumers, and a recent schema migration. Identify the most plausible causal chain and safe recovery plan.","T3","synthetic_prior","high","high","large_or_complex","true","{""data_sensitivity"":""high"",""regulated_domain"":false,""cloud_processing_allowed"":""policy_check_required"",""data_residency_requirement"":""unspecified"",""vendor_allowlist_required"":true}"
"biz-0240","test","business","data_spreadsheets","finance","data_analysis","v1","Create a pivot-table plan to summarize monthly revenue by region and product line.","T0","synthetic_prior","low","low","small","false","{""data_sensitivity"":""moderate"",""regulated_domain"":true,""cloud_processing_allowed"":""yes"",""data_residency_requirement"":""US"",""vendor_allowlist_required"":true}"
"biz-0241","test","business","documents_summaries","general_administration","document_synthesis","new","Summarize this data-processing agreement into scope, fees, assumptions, exclusions, timeline, and the questions we still need to ask.","T1","synthetic_prior","low_to_moderate","low_to_medium","small_to_medium","false","{""data_sensitivity"":""low"",""regulated_domain"":false,""cloud_processing_allowed"":""yes"",""data_residency_requirement"":""unspecified"",""vendor_allowlist_required"":false}"
"biz-0242","test","business","software_engineering","engineering","software_delivery","new","Explain this timeout message and name the first thing to check.","T0","synthetic_prior","low","low","small","false","{""data_sensitivity"":""moderate"",""regulated_domain"":true,""cloud_processing_allowed"":""yes"",""data_residency_requirement"":""EU"",""vendor_allowlist_required"":true}"
"biz-0243","development","business","it_security_admin","it_security","systems_security","v1","Create an incident-response runbook for compromised API credentials, including containment, rotation, evidence preservation, customer assessment, and recovery validation.","T2","synthetic_prior","moderate_to_high","medium","medium_to_large","false","{""data_sensitivity"":""low"",""regulated_domain"":false,""cloud_processing_allowed"":""yes"",""data_residency_requirement"":""US"",""vendor_allowlist_required"":false}"
"biz-0244","test","business","marketing_content","marketing","content_creation","new","Reposition a mature procurement marketplace whose category is commoditizing, using win/loss research and competitor claims, and identify the claims we cannot support.","T3","synthetic_prior","high","high","large_or_complex","false","{""data_sensitivity"":""high"",""regulated_domain"":false,""cloud_processing_allowed"":""policy_check_required"",""data_residency_requirement"":""US"",""vendor_allowlist_required"":true}"
"biz-0245","test","business","people_finance_legal_ops","people_hr","corporate_operations","new","Determine whether a proposed hiring plan is affordable under three revenue scenarios using the supplied unit economics, and identify the assumptions that would change the decision.","T3","synthetic_prior","high","high","large_or_complex","true","{""data_sensitivity"":""low"",""regulated_domain"":false,""cloud_processing_allowed"":""yes"",""data_residency_requirement"":""unspecified"",""vendor_allowlist_required"":false}"
"biz-0246","test","business","software_engineering","engineering","software_delivery","new","Design a zero-downtime migration of the notification worker to a new managed service without losing ordering guarantees.","T3","synthetic_prior","high","high","large_or_complex","false","{""data_sensitivity"":""high"",""regulated_domain"":false,""cloud_processing_allowed"":""policy_check_required"",""data_residency_requirement"":""APAC"",""vendor_allowlist_required"":true}"
"biz-0247","development","business","business_strategy","executive_strategy","strategy_planning","v1","Create a decision memo for whether to continue a six-month pilot using the supplied targets, results, qualitative feedback, and remaining uncertainties.","T1","synthetic_prior","low_to_moderate","low_to_medium","small_to_medium","true","{""data_sensitivity"":""moderate"",""regulated_domain"":true,""cloud_processing_allowed"":""yes"",""data_residency_requirement"":""EU"",""vendor_allowlist_required"":true}"
"biz-0248","test","business","business_strategy","executive_strategy","strategy_planning","new","Advise whether Beacon Learning should build, buy, or partner for regulatory reporting, weighing control, speed, integration risk, and the scenario in which each choice fails.","T3","synthetic_prior","high","high","large_or_complex","false","{""data_sensitivity"":""low"",""regulated_domain"":false,""cloud_processing_allowed"":""yes"",""data_residency_requirement"":""unspecified"",""vendor_allowlist_required"":false}"
"biz-0249","test","business","marketing_content","marketing","content_creation","new","Adapt the approved case study for regional managers and a skeptical CFO without changing the facts.","T1","synthetic_prior","low_to_moderate","low_to_medium","small_to_medium","false","{""data_sensitivity"":""moderate"",""regulated_domain"":true,""cloud_processing_allowed"":""yes"",""data_residency_requirement"":""EU"",""vendor_allowlist_required"":true}"
"biz-0250","test","business","business_strategy","executive_strategy","strategy_planning","new","Rewrite these objectives so each begins with a verb and contains exactly one metric, without changing their meaning.","T0","synthetic_prior","low","low","small","false","{""data_sensitivity"":""high"",""regulated_domain"":false,""cloud_processing_allowed"":""policy_check_required"",""data_residency_requirement"":""EU"",""vendor_allowlist_required"":true}"
"biz-0251","test","business","it_security_admin","it_security","systems_security","v1","Write a bash command to show the ten largest files under /var/log without deleting anything.","T0","synthetic_prior","low","low","small","false","{""data_sensitivity"":""moderate"",""regulated_domain"":false,""cloud_processing_allowed"":""yes"",""data_residency_requirement"":""unspecified"",""vendor_allowlist_required"":false}"
"biz-0252","test","business","business_strategy","executive_strategy","strategy_planning","v1","Turn these approved annual priorities into concise objectives and measurable key results without adding new strategy.","T0","synthetic_prior","low","low","small","false","{""data_sensitivity"":""high"",""regulated_domain"":true,""cloud_processing_allowed"":""policy_check_required"",""data_residency_requirement"":""EU"",""vendor_allowlist_required"":true}"
"biz-0253","test","business","business_strategy","executive_strategy","strategy_planning","v1","Develop three strategic options for entering Southeast Asia, with required capabilities, leading indicators, reversibility, and explicit kill criteria.","T2","synthetic_prior","moderate_to_high","medium","medium_to_large","false","{""data_sensitivity"":""low"",""regulated_domain"":false,""cloud_processing_allowed"":""yes"",""data_residency_requirement"":""unspecified"",""vendor_allowlist_required"":false}"
"biz-0254","test","business","data_spreadsheets","analytics","data_analysis","new","Build a driver-based forecast model for Juniper Retail with assumptions, scenario toggles, and integrity checks that catch broken links.","T2","synthetic_prior","moderate_to_high","medium","medium_to_large","false","{""data_sensitivity"":""low"",""regulated_domain"":false,""cloud_processing_allowed"":""yes"",""data_residency_requirement"":""unspecified"",""vendor_allowlist_required"":false}"
"biz-0255","development","business","product_design","product","product_definition","v1","Rewrite these button labels and error messages so they are clear and consistent.","T0","synthetic_prior","low","low","small","false","{""data_sensitivity"":""moderate"",""regulated_domain"":false,""cloud_processing_allowed"":""yes"",""data_residency_requirement"":""unspecified"",""vendor_allowlist_required"":false}"
"biz-0256","test","business","presentations","people_hr","presentation_creation","v1","Build a workshop deck for new employees introducing a new operating model. Include exercises, facilitator notes, likely objections, and a concrete close.","T2","synthetic_prior","moderate_to_high","medium","medium_to_large","false","{""data_sensitivity"":""low"",""regulated_domain"":false,""cloud_processing_allowed"":""yes"",""data_residency_requirement"":""EU"",""vendor_allowlist_required"":false}"
"biz-0257","test","business","data_spreadsheets","analytics","data_analysis","new","Write a SQL query that returns conversion rate by region for the last 12 days.","T0","synthetic_prior","low","low","small","false","{""data_sensitivity"":""high"",""regulated_domain"":false,""cloud_processing_allowed"":""policy_check_required"",""data_residency_requirement"":""unspecified"",""vendor_allowlist_required"":true}"
"biz-0258","test","business","documents_summaries","general_administration","document_synthesis","v1","Convert this procedure into a numbered checklist. Preserve warnings and prerequisites.","T0","synthetic_prior","low","low","small","false","{""data_sensitivity"":""moderate"",""regulated_domain"":false,""cloud_processing_allowed"":""yes"",""data_residency_requirement"":""unspecified"",""vendor_allowlist_required"":false}"
"biz-0259","development","business","marketing_content","marketing","content_creation","new","Write five short social captions announcing a webinar for employee scheduling app, avoiding emojis and exaggerated claims.","T0","synthetic_prior","low","low","small","false","{""data_sensitivity"":""low"",""regulated_domain"":false,""cloud_processing_allowed"":""yes"",""data_residency_requirement"":""US"",""vendor_allowlist_required"":false}"
"biz-0260","test","business","software_engineering","engineering","software_delivery","new","Trace a production data-corruption bug across the webhook dispatcher using partial logs, retries, asynchronous consumers, and a recent schema migration. Identify the most plausible causal chain and a safe recovery plan.","T3","synthetic_prior","high","high","large_or_complex","true","{""data_sensitivity"":""moderate"",""regulated_domain"":false,""cloud_processing_allowed"":""yes"",""data_residency_requirement"":""EU"",""vendor_allowlist_required"":false}"
"biz-0261","test","business","product_design","product","product_definition","new","Create a 40-question discovery guide for a support lead evaluating customer-support suite.","T1","synthetic_prior","low_to_moderate","low_to_medium","small_to_medium","false","{""data_sensitivity"":""moderate"",""regulated_domain"":false,""cloud_processing_allowed"":""yes"",""data_residency_requirement"":""unspecified"",""vendor_allowlist_required"":false}"
"biz-0262","test","business","people_finance_legal_ops","people_hr","corporate_operations","new","Model a restructuring that must cut cost while preserving on-call coverage, meeting the EU consultation duties, and avoiding hidden single points of failure.","T3","synthetic_prior","high","high","large_or_complex","false","{""data_sensitivity"":""low"",""regulated_domain"":false,""cloud_processing_allowed"":""yes"",""data_residency_requirement"":""US"",""vendor_allowlist_required"":false}"
"biz-0263","test","business","business_strategy","executive_strategy","strategy_planning","new","Turn the the customer thread and the two attached spreadsheets into a recommendation with options covering variances, risks, and the decisions still needed.","T1","synthetic_prior","low_to_moderate","low_to_medium","small_to_medium","true","{""data_sensitivity"":""low"",""regulated_domain"":false,""cloud_processing_allowed"":""yes"",""data_residency_requirement"":""APAC"",""vendor_allowlist_required"":false}"
"biz-0264","test","business","marketing_content","marketing","content_creation","new","Draft a 10-word email about the system maintenance.","T0","synthetic_prior","low","low","small","false","{""data_sensitivity"":""low"",""regulated_domain"":false,""cloud_processing_allowed"":""yes"",""data_residency_requirement"":""unspecified"",""vendor_allowlist_required"":false}"
"biz-0265","test","business","software_engineering","engineering","software_delivery","new","Diagnose the intermittent timeout in the identity service from the supplied code and logs, and propose a minimal fix with tests and rollout safeguards.","T2","synthetic_prior","moderate_to_high","medium","medium_to_large","true","{""data_sensitivity"":""high"",""regulated_domain"":false,""cloud_processing_allowed"":""policy_check_required"",""data_residency_requirement"":""APAC"",""vendor_allowlist_required"":true}"
"biz-0266","test","business","software_engineering","engineering","software_delivery","new","Design a zero-downtime migration of the ingestion pipeline to a multi-region active-active setup without losing ordering guarantees.","T3","synthetic_prior","high","high","large_or_complex","false","{""data_sensitivity"":""low"",""regulated_domain"":false,""cloud_processing_allowed"":""yes"",""data_residency_requirement"":""US"",""vendor_allowlist_required"":false}"
"biz-0267","test","business","it_security_admin","it_security","systems_security","new","Investigate a suspected insider exfiltration spanning cloud identities and the admin console. Build competing hypotheses and an evidence-preserving containment plan.","T3","synthetic_prior","high","high","large_or_complex","false","{""data_sensitivity"":""moderate"",""regulated_domain"":true,""cloud_processing_allowed"":""yes"",""data_residency_requirement"":""unspecified"",""vendor_allowlist_required"":true}"
"biz-0268","test","business","business_strategy","executive_strategy","strategy_planning","new","Evaluate three supplied expansion markets for Atlas Foods using the attached unit economics, and recommend a sequencing with leading indicators and stop conditions.","T2","synthetic_prior","moderate_to_high","medium","medium_to_large","true","{""data_sensitivity"":""low"",""regulated_domain"":true,""cloud_processing_allowed"":""yes"",""data_residency_requirement"":""US"",""vendor_allowlist_required"":true}"
"biz-0269","test","business","marketing_content","marketing","content_creation","new","Develop messaging pillars for expense-management service across three buyer roles, giving each role a problem, a promise, a proof point, and an objection response.","T2","synthetic_prior","moderate_to_high","medium","medium_to_large","false","{""data_sensitivity"":""low"",""regulated_domain"":false,""cloud_processing_allowed"":""yes"",""data_residency_requirement"":""US"",""vendor_allowlist_required"":false}"
"biz-0270","test","business","market_competitive_research","research_insights","research_analysis","new","Analyze how a major regulatory change could reshape the competitive structure of specialty retail over five years, modeling second-order effects, strategic responses, and alternative scenarios.","T3","synthetic_prior","high","high","large_or_complex","false","{""data_sensitivity"":""low"",""regulated_domain"":true,""cloud_processing_allowed"":""yes"",""data_residency_requirement"":""US"",""vendor_allowlist_required"":true}"
"biz-0271","test","business","market_competitive_research","research_insights","research_analysis","v1","Assess the competitive landscape for expense-management service in Southeast Asia. Segment competitors by business model and buyer, distinguish sourced facts from inference, and identify evidence gaps.","T2","synthetic_prior","moderate_to_high","medium","medium_to_large","true","{""data_sensitivity"":""low"",""regulated_domain"":true,""cloud_processing_allowed"":""yes"",""data_residency_requirement"":""US"",""vendor_allowlist_required"":true}"
"biz-0272","test","business","marketing_content","marketing","content_creation","new","Develop messaging pillars for procurement marketplace across three buyer roles, giving each role a problem, a promise, a proof point, and an objection response.","T2","synthetic_prior","moderate_to_high","medium","medium_to_large","false","{""data_sensitivity"":""low"",""regulated_domain"":true,""cloud_processing_allowed"":""yes"",""data_residency_requirement"":""US"",""vendor_allowlist_required"":true}"
"biz-0273","test","business","marketing_content","marketing","content_creation","new","Write a positioning memo for learning-management platform using the supplied positioning, proof points, and prohibited claims.","T1","synthetic_prior","low_to_moderate","low_to_medium","small_to_medium","true","{""data_sensitivity"":""low"",""regulated_domain"":false,""cloud_processing_allowed"":""yes"",""data_residency_requirement"":""APAC"",""vendor_allowlist_required"":false}"
"biz-0274","development","business","business_strategy","executive_strategy","strategy_planning","new","Two business units report the same metric differently and each claims the higher figure. Using the supplied definitions, reconciliation notes, and board correspondence, determine the defensible number, document the discrepancy, and state what must change to prevent recurrence.","T3","synthetic_prior","high","high","large_or_complex","true","{""data_sensitivity"":""high"",""regulated_domain"":false,""cloud_processing_allowed"":""policy_check_required"",""data_residency_requirement"":""APAC"",""vendor_allowlist_required"":true}"
"biz-0275","test","business","documents_summaries","general_administration","document_synthesis","new","Summarize this vendor proposal into an action plan covering scope, fees, assumptions, exclusions, and open questions.","T1","synthetic_prior","low_to_moderate","low_to_medium","small_to_medium","false","{""data_sensitivity"":""moderate"",""regulated_domain"":true,""cloud_processing_allowed"":""yes"",""data_residency_requirement"":""APAC"",""vendor_allowlist_required"":true}"
"biz-0276","test","business","sales_customer_support","sales","customer_revenue_work","v1","Create a discovery-call question set for an operations director evaluating warehouse analytics product, organized by workflow, impact, decision process, and timing.","T1","synthetic_prior","low_to_moderate","low_to_medium","small_to_medium","false","{""data_sensitivity"":""low"",""regulated_domain"":false,""cloud_processing_allowed"":""yes"",""data_residency_requirement"":""unspecified"",""vendor_allowlist_required"":false}"
"biz-0277","test","business","product_design","product","product_definition","new","Synthesize 12 stakeholder interviews into jobs, pains, and opportunity areas, preserving contradictory segments rather than forcing one persona.","T2","synthetic_prior","moderate_to_high","medium","medium_to_large","false","{""data_sensitivity"":""high"",""regulated_domain"":false,""cloud_processing_allowed"":""policy_check_required"",""data_residency_requirement"":""unspecified"",""vendor_allowlist_required"":true}"
"biz-0278","test","business","meetings_collaboration","executive_strategy","meeting_synthesis","v1","Turn this transcript excerpt into five bullets for Slack: “We agreed to keep the pilot to two regions, move onboarding to July 8, and have Sam confirm the data export.”","T0","synthetic_prior","low","low","small","true","{""data_sensitivity"":""high"",""regulated_domain"":false,""cloud_processing_allowed"":""policy_check_required"",""data_residency_requirement"":""EU"",""vendor_allowlist_required"":true}"
"biz-0279","test","business","data_spreadsheets","finance","data_analysis","new","Build a driver-based budget model for Atlas Foods with assumptions, scenario toggles, and integrity checks that catch broken links and circular references.","T2","synthetic_prior","moderate_to_high","medium","medium_to_large","false","{""data_sensitivity"":""moderate"",""regulated_domain"":false,""cloud_processing_allowed"":""yes"",""data_residency_requirement"":""unspecified"",""vendor_allowlist_required"":false}"
"biz-0280","development","business","presentations","people_hr","presentation_creation","v1","Create a six-slide outline from this quarterly update: title, performance, wins, risks, next-quarter priorities, and asks.","T0","synthetic_prior","low","low","small","false","{""data_sensitivity"":""moderate"",""regulated_domain"":false,""cloud_processing_allowed"":""yes"",""data_residency_requirement"":""unspecified"",""vendor_allowlist_required"":false}"
"biz-0281","test","business","classification_extraction","legal_compliance","classification_extraction","new","Extract the contract term from each of these 15 short records into a single CSV.","T0","synthetic_prior","low","low","small","false","{""data_sensitivity"":""high"",""regulated_domain"":false,""cloud_processing_allowed"":""policy_check_required"",""data_residency_requirement"":""unspecified"",""vendor_allowlist_required"":true}"
"biz-0282","test","business","documents_summaries","people_hr","document_synthesis","new","Rewrite this procedure so a new employee can follow it, keeping every step in order.","T0","synthetic_prior","low","low","small","false","{""data_sensitivity"":""high"",""regulated_domain"":false,""cloud_processing_allowed"":""policy_check_required"",""data_residency_requirement"":""unspecified"",""vendor_allowlist_required"":true}"
"biz-0283","test","business","presentations","executive_strategy","presentation_creation","v1","Develop three alternative presentation narratives for a board decision on entering DACH: growth-led, risk-led, and option-value-led.","T2","synthetic_prior","moderate_to_high","medium","medium_to_large","false","{""data_sensitivity"":""high"",""regulated_domain"":false,""cloud_processing_allowed"":""policy_check_required"",""data_residency_requirement"":""APAC"",""vendor_allowlist_required"":true}"
"biz-0284","test","business","marketing_content","marketing","content_creation","v1","Develop messaging pillars for inventory planning platform aimed at three buyer roles. Give each role a problem, promise, proof point, and objection response.","T2","synthetic_prior","moderate_to_high","medium","medium_to_large","false","{""data_sensitivity"":""low"",""regulated_domain"":false,""cloud_processing_allowed"":""yes"",""data_residency_requirement"":""unspecified"",""vendor_allowlist_required"":false}"
"biz-0285","test","business","market_competitive_research","research_insights","research_analysis","v1","Summarize the three market reports below and list where they agree or disagree.","T0","synthetic_prior","low","low","small","true","{""data_sensitivity"":""low"",""regulated_domain"":true,""cloud_processing_allowed"":""yes"",""data_residency_requirement"":""unspecified"",""vendor_allowlist_required"":true}"
"biz-0286","test","business","presentations","finance","presentation_creation","v1","Suggest a simple visual for each of these metrics: revenue trend, churn by segment, and pipeline by stage.","T0","synthetic_prior","low","low","small","false","{""data_sensitivity"":""low"",""regulated_domain"":false,""cloud_processing_allowed"":""yes"",""data_residency_requirement"":""APAC"",""vendor_allowlist_required"":false}"
"biz-0287","test","business","data_spreadsheets","analytics","data_analysis","new","Review this KPI workbook and write commentary on material movements and the figures most likely to be misread.","T1","synthetic_prior","low_to_moderate","low_to_medium","small_to_medium","true","{""data_sensitivity"":""low"",""regulated_domain"":false,""cloud_processing_allowed"":""yes"",""data_residency_requirement"":""US"",""vendor_allowlist_required"":false}"
"biz-0288","test","business","market_competitive_research","research_insights","research_analysis","v1","Analyze how a major regulatory change could reshape the competitive structure of renewable energy over five years. Model second-order effects, strategic responses, and alternative scenarios.","T3","synthetic_prior","high","high","large_or_complex","false","{""data_sensitivity"":""low"",""regulated_domain"":false,""cloud_processing_allowed"":""yes"",""data_residency_requirement"":""unspecified"",""vendor_allowlist_required"":false}"
"biz-0289","test","business","product_design","product","product_definition","new","Create a 50-item QA checklist for the onboarding flow.","T0","synthetic_prior","low","low","small","false","{""data_sensitivity"":""moderate"",""regulated_domain"":false,""cloud_processing_allowed"":""yes"",""data_residency_requirement"":""unspecified"",""vendor_allowlist_required"":false}"
"biz-0290","test","business","business_strategy","executive_strategy","strategy_planning","new","Reconcile two business units that report cash runway differently and both claim the higher figure. Determine the defensible number and the control that prevents recurrence.","T3","synthetic_prior","high","high","large_or_complex","false","{""data_sensitivity"":""high"",""regulated_domain"":false,""cloud_processing_allowed"":""policy_check_required"",""data_residency_requirement"":""EU"",""vendor_allowlist_required"":true}"
"biz-0291","test","business","software_engineering","engineering","software_delivery","new","Explain this null reference message and name the first thing to check.","T0","synthetic_prior","low","low","small","false","{""data_sensitivity"":""high"",""regulated_domain"":false,""cloud_processing_allowed"":""policy_check_required"",""data_residency_requirement"":""unspecified"",""vendor_allowlist_required"":true}"
"biz-0292","test","business","presentations","executive_strategy","presentation_creation","v1","Develop three alternative presentation narratives for a board decision on entering North America: growth-led, risk-led, and option-value-led.","T2","synthetic_prior","moderate_to_high","medium","medium_to_large","false","{""data_sensitivity"":""moderate"",""regulated_domain"":false,""cloud_processing_allowed"":""yes"",""data_residency_requirement"":""unspecified"",""vendor_allowlist_required"":false}"
"biz-0293","test","business","product_design","product","product_definition","new","Rewrite the labels on these menu items so each is clear and consistent in under eight words.","T0","synthetic_prior","low","low","small","false","{""data_sensitivity"":""moderate"",""regulated_domain"":true,""cloud_processing_allowed"":""yes"",""data_residency_requirement"":""US"",""vendor_allowlist_required"":true}"
"biz-0294","test","business","software_engineering","engineering","software_delivery","new","Trace a production data-corruption bug across the export job using partial logs, retries, asynchronous consumers, and a recent schema migration. Identify the most plausible causal chain and a safe recovery plan.","T3","synthetic_prior","high","high","large_or_complex","true","{""data_sensitivity"":""low"",""regulated_domain"":false,""cloud_processing_allowed"":""yes"",""data_residency_requirement"":""APAC"",""vendor_allowlist_required"":false}"
"biz-0295","test","business","people_finance_legal_ops","people_hr","corporate_operations","new","Model a restructuring that must cut cost while preserving customer data access, meeting France consultation duties, and avoiding hidden single points of failure.","T3","synthetic_prior","high","high","large_or_complex","false","{""data_sensitivity"":""moderate"",""regulated_domain"":false,""cloud_processing_allowed"":""yes"",""data_residency_requirement"":""unspecified"",""vendor_allowlist_required"":false}"
"biz-0296","test","business","presentations","general_administration","presentation_creation","v1","Turn this memo into speaker notes for a five-minute presentation to regional managers.","T0","synthetic_prior","low","low","small","false","{""data_sensitivity"":""low"",""regulated_domain"":false,""cloud_processing_allowed"":""yes"",""data_residency_requirement"":""US"",""vendor_allowlist_required"":false}"
"biz-0297","test","business","product_design","product","product_definition","new","Create a 30-item QA checklist for the signup flow.","T0","synthetic_prior","low","low","small","false","{""data_sensitivity"":""high"",""regulated_domain"":true,""cloud_processing_allowed"":""policy_check_required"",""data_residency_requirement"":""EU"",""vendor_allowlist_required"":true}"
"biz-0298","development","business","software_engineering","engineering","software_delivery","new","Refactor the auth module into testable components without changing public behavior, with an incremental migration plan.","T2","synthetic_prior","moderate_to_high","medium","medium_to_large","false","{""data_sensitivity"":""moderate"",""regulated_domain"":false,""cloud_processing_allowed"":""yes"",""data_residency_requirement"":""EU"",""vendor_allowlist_required"":false}"
"biz-0299","test","business","software_engineering","engineering","software_delivery","new","Write a migration for React and Node.js that adds a nullable status column, backfills it in batches, and includes a safe rollback.","T1","synthetic_prior","low_to_moderate","low_to_medium","small_to_medium","false","{""data_sensitivity"":""moderate"",""regulated_domain"":false,""cloud_processing_allowed"":""yes"",""data_residency_requirement"":""unspecified"",""vendor_allowlist_required"":false}"
"biz-0300","test","business","presentations","people_hr","presentation_creation","v1","Create a customer-training deck outline for customer-support suite, including setup, core workflow, common mistakes, and support resources.","T1","synthetic_prior","low_to_moderate","low_to_medium","small_to_medium","true","{""data_sensitivity"":""high"",""regulated_domain"":false,""cloud_processing_allowed"":""policy_check_required"",""data_residency_requirement"":""EU"",""vendor_allowlist_required"":true}"
"biz-0301","test","business","it_security_admin","it_security","systems_security","new","Design a least-privilege access model for a compliance officer across Kubernetes, and state how it would be tested.","T2","synthetic_prior","moderate_to_high","medium","medium_to_large","false","{""data_sensitivity"":""low"",""regulated_domain"":true,""cloud_processing_allowed"":""yes"",""data_residency_requirement"":""US"",""vendor_allowlist_required"":true}"
"biz-0302","test","business","presentations","general_administration","presentation_creation","v1","Restructure this 24-slide product presentation into a persuasive 10-slide story for nontechnical stakeholders, preserving evidence and removing redundant claims.","T2","synthetic_prior","moderate_to_high","medium","medium_to_large","false","{""data_sensitivity"":""low"",""regulated_domain"":false,""cloud_processing_allowed"":""yes"",""data_residency_requirement"":""US"",""vendor_allowlist_required"":false}"
"biz-0303","test","business","software_engineering","engineering","software_delivery","new","Write a migration for TypeScript and PostgreSQL that adds a nullable status column, backfills it in batches, and includes a safe rollback.","T1","synthetic_prior","low_to_moderate","low_to_medium","small_to_medium","false","{""data_sensitivity"":""high"",""regulated_domain"":false,""cloud_processing_allowed"":""policy_check_required"",""data_residency_requirement"":""APAC"",""vendor_allowlist_required"":true}"
"biz-0304","test","business","people_finance_legal_ops","operations","corporate_operations","v1","Design a vendor-selection process with weighted criteria, conflict-of-interest controls, pilot design, and a defensible decision record.","T2","synthetic_prior","moderate_to_high","medium","medium_to_large","false","{""data_sensitivity"":""moderate"",""regulated_domain"":false,""cloud_processing_allowed"":""yes"",""data_residency_requirement"":""US"",""vendor_allowlist_required"":false}"
"biz-0305","development","business","email_communication","legal_compliance","communication_drafting","new","Given a long thread in which Legal, Sales, and Product disagree about a contractual commitment, reconstruct what was actually decided, identify the contradictions, and draft a reply that resolves the ambiguity without creating a new obligation.","T3","synthetic_prior","high","high","large_or_complex","true","{""data_sensitivity"":""moderate"",""regulated_domain"":false,""cloud_processing_allowed"":""yes"",""data_residency_requirement"":""EU"",""vendor_allowlist_required"":false}"
"biz-0306","development","business","marketing_content","marketing","content_creation","new","Write five short social captions announcing a webinar for learning-management platform, avoiding emojis and exaggerated claims.","T0","synthetic_prior","low","low","small","false","{""data_sensitivity"":""low"",""regulated_domain"":false,""cloud_processing_allowed"":""yes"",""data_residency_requirement"":""unspecified"",""vendor_allowlist_required"":false}"
"biz-0307","test","business","software_engineering","engineering","software_delivery","new","Trace a production data-corruption bug across the identity service and the export job using partial logs, retries, and a recent migration. Identify the most plausible causal chain and a safe recovery plan.","T3","synthetic_prior","high","high","large_or_complex","true","{""data_sensitivity"":""moderate"",""regulated_domain"":false,""cloud_processing_allowed"":""yes"",""data_residency_requirement"":""unspecified"",""vendor_allowlist_required"":false}"
"biz-0308","test","business","it_security_admin","it_security","systems_security","v1","Redesign the security architecture for a multi-tenant regulated platform after two near misses. Integrate threat modeling, identity boundaries, data isolation, observability, and operational feasibility.","T3","synthetic_prior","high","high","large_or_complex","false","{""data_sensitivity"":""high"",""regulated_domain"":false,""cloud_processing_allowed"":""policy_check_required"",""data_residency_requirement"":""EU"",""vendor_allowlist_required"":true}"
"biz-0309","test","business","product_design","product","product_definition","v1","Design an onboarding experiment for procurement marketplace that can distinguish comprehension problems from missing product value.","T2","synthetic_prior","moderate_to_high","medium","medium_to_large","false","{""data_sensitivity"":""moderate"",""regulated_domain"":true,""cloud_processing_allowed"":""yes"",""data_residency_requirement"":""unspecified"",""vendor_allowlist_required"":true}"
"biz-0310","test","business","classification_extraction","operations","classification_extraction","new","Resolve a corporate ownership graph across multilingual filings, renamed subsidiaries, and joint ventures. Cite the source for every edge and mark uncertain relationships explicitly.","T3","synthetic_prior","high","high","large_or_complex","true","{""data_sensitivity"":""high"",""regulated_domain"":false,""cloud_processing_allowed"":""policy_check_required"",""data_residency_requirement"":""APAC"",""vendor_allowlist_required"":true}"
"biz-0311","test","business","product_design","product","product_definition","new","Create a 25-question discovery guide for a people partner evaluating telehealth portal.","T1","synthetic_prior","low_to_moderate","low_to_medium","small_to_medium","false","{""data_sensitivity"":""low"",""regulated_domain"":false,""cloud_processing_allowed"":""yes"",""data_residency_requirement"":""unspecified"",""vendor_allowlist_required"":false}"
"biz-0312","test","business","presentations","sales","presentation_creation","v1","Turn this memo into speaker notes for a five-minute presentation to enterprise buyers.","T0","synthetic_prior","low","low","small","false","{""data_sensitivity"":""high"",""regulated_domain"":true,""cloud_processing_allowed"":""policy_check_required"",""data_residency_requirement"":""EU"",""vendor_allowlist_required"":true}"
"biz-0313","test","business","marketing_content","marketing","content_creation","v1","Write five concise LinkedIn captions announcing a webinar for employee scheduling app. Avoid emojis and exaggerated claims.","T0","synthetic_prior","low","low","small","false","{""data_sensitivity"":""low"",""regulated_domain"":false,""cloud_processing_allowed"":""yes"",""data_residency_requirement"":""unspecified"",""vendor_allowlist_required"":false}"
"biz-0314","test","business","market_competitive_research","research_insights","research_analysis","v1","Create a market-entry brief for the US Midwest covering buyer structure, regulation, channels, incumbent responses, and the cheapest experiments that could invalidate the thesis.","T2","synthetic_prior","moderate_to_high","medium","medium_to_large","false","{""data_sensitivity"":""low"",""regulated_domain"":false,""cloud_processing_allowed"":""yes"",""data_residency_requirement"":""US"",""vendor_allowlist_required"":false}"
"biz-0315","test","business","data_spreadsheets","finance","data_analysis","new","Build a driver-based budget model for Brightline Energy with assumptions, scenario toggles, and integrity checks that catch broken links and circular references.","T2","synthetic_prior","moderate_to_high","medium","medium_to_large","false","{""data_sensitivity"":""low"",""regulated_domain"":true,""cloud_processing_allowed"":""yes"",""data_residency_requirement"":""US"",""vendor_allowlist_required"":true}"
"biz-0316","development","business","data_spreadsheets","analytics","data_analysis","new","Convert these MM/DD/YYYY dates into ISO 8601.","T0","synthetic_prior","low","low","small","false","{""data_sensitivity"":""low"",""regulated_domain"":true,""cloud_processing_allowed"":""yes"",""data_residency_requirement"":""APAC"",""vendor_allowlist_required"":true}"
"biz-0317","development","business","product_design","product","product_definition","v1","Write a product requirements document for a bulk-import feature, including user problem, flows, validation, failure recovery, permissions, analytics, and non-goals.","T2","synthetic_prior","moderate_to_high","medium","medium_to_large","false","{""data_sensitivity"":""low"",""regulated_domain"":false,""cloud_processing_allowed"":""yes"",""data_residency_requirement"":""unspecified"",""vendor_allowlist_required"":false}"
"biz-0318","development","business","market_competitive_research","research_insights","research_analysis","v1","Estimate a defensible TAM, SAM, and SOM range for a education technology product using the supplied source set, showing assumptions and avoiding double-counting.","T2","synthetic_prior","moderate_to_high","medium","medium_to_large","true","{""data_sensitivity"":""low"",""regulated_domain"":true,""cloud_processing_allowed"":""yes"",""data_residency_requirement"":""unspecified"",""vendor_allowlist_required"":true}"
"biz-0319","development","business","data_spreadsheets","finance","data_analysis","v1","Given cohort retention, acquisition cost, gross margin, and payback data, diagnose which customer segments are economically attractive and where the conclusion is fragile.","T2","synthetic_prior","moderate_to_high","medium","medium_to_large","false","{""data_sensitivity"":""low"",""regulated_domain"":false,""cloud_processing_allowed"":""yes"",""data_residency_requirement"":""US"",""vendor_allowlist_required"":false}"
"biz-0320","test","business","classification_extraction","finance","classification_extraction","new","Classify each of these 20 invoices into the three categories supplied, and return one label per row.","T0","synthetic_prior","low","low","small","true","{""data_sensitivity"":""high"",""regulated_domain"":true,""cloud_processing_allowed"":""policy_check_required"",""data_residency_requirement"":""unspecified"",""vendor_allowlist_required"":true}"
"biz-0321","test","business","documents_summaries","sales","document_synthesis","new","Summarize this meeting summary in three bullets for enterprise buyers.","T0","synthetic_prior","low","low","small","false","{""data_sensitivity"":""low"",""regulated_domain"":false,""cloud_processing_allowed"":""yes"",""data_residency_requirement"":""US"",""vendor_allowlist_required"":false}"
"biz-0322","development","business","sales_customer_support","customer_support","customer_revenue_work","new","Draft a response to a frustrated customer whose issue needed three handoffs, acknowledging the experience and describing the concrete recovery steps.","T1","synthetic_prior","low_to_moderate","low_to_medium","small_to_medium","false","{""data_sensitivity"":""high"",""regulated_domain"":false,""cloud_processing_allowed"":""policy_check_required"",""data_residency_requirement"":""unspecified"",""vendor_allowlist_required"":true}"
"biz-0323","test","business","software_engineering","engineering","software_delivery","new","Trace a production data-corruption bug across the billing service and the export job using partial logs, retries, and a recent migration. Identify the most plausible causal chain and a safe recovery plan.","T3","synthetic_prior","high","high","large_or_complex","true","{""data_sensitivity"":""moderate"",""regulated_domain"":true,""cloud_processing_allowed"":""yes"",""data_residency_requirement"":""unspecified"",""vendor_allowlist_required"":true}"
"biz-0324","development","business","marketing_content","marketing","content_creation","new","Write five short social captions announcing a webinar for inventory planning platform, avoiding emojis and exaggerated claims.","T0","synthetic_prior","low","low","small","false","{""data_sensitivity"":""moderate"",""regulated_domain"":false,""cloud_processing_allowed"":""yes"",""data_residency_requirement"":""APAC"",""vendor_allowlist_required"":false}"
"biz-0325","test","business","marketing_content","marketing","content_creation","v1","Write five concise LinkedIn captions announcing a webinar for learning-management platform. Avoid emojis and exaggerated claims.","T0","synthetic_prior","low","low","small","false","{""data_sensitivity"":""low"",""regulated_domain"":false,""cloud_processing_allowed"":""yes"",""data_residency_requirement"":""APAC"",""vendor_allowlist_required"":false}"
"biz-0326","test","business","data_spreadsheets","analytics","data_analysis","new","Write a SQL query that returns conversion rate by region for the last 10 days.","T0","synthetic_prior","low","low","small","false","{""data_sensitivity"":""low"",""regulated_domain"":false,""cloud_processing_allowed"":""yes"",""data_residency_requirement"":""unspecified"",""vendor_allowlist_required"":false}"
"biz-0327","development","business","sales_customer_support","customer_support","customer_revenue_work","new","Classify each of these support requests as billing, technical, account access, or feature request, and draft a one-line acknowledgment for each.","T0","synthetic_prior","low","low","small","false","{""data_sensitivity"":""low"",""regulated_domain"":false,""cloud_processing_allowed"":""yes"",""data_residency_requirement"":""unspecified"",""vendor_allowlist_required"":false}"
"biz-0328","test","business","documents_summaries","sales","document_synthesis","new","Summarize this procedure in three bullets for prospective customers.","T0","synthetic_prior","low","low","small","false","{""data_sensitivity"":""moderate"",""regulated_domain"":false,""cloud_processing_allowed"":""yes"",""data_residency_requirement"":""US"",""vendor_allowlist_required"":false}"
"biz-0329","test","business","documents_summaries","general_administration","document_synthesis","new","Summarize this security questionnaire into a recommendation with options covering scope, fees, assumptions, exclusions, and open questions.","T1","synthetic_prior","low_to_moderate","low_to_medium","small_to_medium","false","{""data_sensitivity"":""low"",""regulated_domain"":false,""cloud_processing_allowed"":""yes"",""data_residency_requirement"":""APAC"",""vendor_allowlist_required"":false}"
"biz-0330","test","business","documents_summaries","general_administration","document_synthesis","new","Turn these 15 bullets into a numbered checklist, keeping the original order.","T0","synthetic_prior","low","low","small","false","{""data_sensitivity"":""low"",""regulated_domain"":false,""cloud_processing_allowed"":""yes"",""data_residency_requirement"":""EU"",""vendor_allowlist_required"":false}"
"biz-0331","test","business","product_design","product","product_definition","new","Create a 10-question discovery guide for a finance manager evaluating customer-support suite.","T1","synthetic_prior","low_to_moderate","low_to_medium","small_to_medium","false","{""data_sensitivity"":""moderate"",""regulated_domain"":false,""cloud_processing_allowed"":""yes"",""data_residency_requirement"":""unspecified"",""vendor_allowlist_required"":false}"
"biz-0332","development","business","data_spreadsheets","analytics","data_analysis","new","Convert these YYYY/MM/DD dates into UTC dates.","T0","synthetic_prior","low","low","small","false","{""data_sensitivity"":""moderate"",""regulated_domain"":true,""cloud_processing_allowed"":""yes"",""data_residency_requirement"":""unspecified"",""vendor_allowlist_required"":true}"
"biz-0333","test","business","sales_customer_support","customer_support","customer_revenue_work","v1","Create a negotiation plan for a renewal where usage grew 40%, the customer wants flat pricing, and a competitor offered a migration credit.","T2","synthetic_prior","moderate_to_high","medium","medium_to_large","false","{""data_sensitivity"":""low"",""regulated_domain"":true,""cloud_processing_allowed"":""yes"",""data_residency_requirement"":""EU"",""vendor_allowlist_required"":true}"
"biz-0334","test","business","software_engineering","engineering","software_delivery","new","Trace a production data-corruption bug across the billing service and the search indexer using partial logs, retries, and a recent migration. Identify the most plausible causal chain and a safe recovery plan.","T3","synthetic_prior","high","high","large_or_complex","true","{""data_sensitivity"":""high"",""regulated_domain"":true,""cloud_processing_allowed"":""policy_check_required"",""data_residency_requirement"":""US"",""vendor_allowlist_required"":true}"
"biz-0335","development","business","product_design","product","product_definition","v1","Create an interview guide for testing whether finance managers understand and trust an automated reconciliation feature.","T1","synthetic_prior","low_to_moderate","low_to_medium","small_to_medium","false","{""data_sensitivity"":""low"",""regulated_domain"":false,""cloud_processing_allowed"":""yes"",""data_residency_requirement"":""unspecified"",""vendor_allowlist_required"":false}"
"biz-0336","test","business","software_engineering","engineering","software_delivery","new","Design a zero-downtime migration of the notification worker to a sharded setup without losing ordering guarantees.","T3","synthetic_prior","high","high","large_or_complex","false","{""data_sensitivity"":""high"",""regulated_domain"":false,""cloud_processing_allowed"":""policy_check_required"",""data_residency_requirement"":""US"",""vendor_allowlist_required"":true}"
"biz-0337","development","business","software_engineering","engineering","software_delivery","new","Refactor the notification module into testable components without changing public behavior, with an incremental migration plan.","T2","synthetic_prior","moderate_to_high","medium","medium_to_large","false","{""data_sensitivity"":""low"",""regulated_domain"":true,""cloud_processing_allowed"":""yes"",""data_residency_requirement"":""unspecified"",""vendor_allowlist_required"":true}"
"biz-0338","test","business","documents_summaries","general_administration","document_synthesis","new","Summarize this RFP response into a recommendation with options covering scope, fees, assumptions, exclusions, and open questions.","T1","synthetic_prior","low_to_moderate","low_to_medium","small_to_medium","false","{""data_sensitivity"":""low"",""regulated_domain"":false,""cloud_processing_allowed"":""yes"",""data_residency_requirement"":""US"",""vendor_allowlist_required"":false}"
"biz-0339","test","business","product_design","product","product_definition","new","Create a 60-item QA checklist for the refund flow.","T0","synthetic_prior","low","low","small","false","{""data_sensitivity"":""moderate"",""regulated_domain"":false,""cloud_processing_allowed"":""yes"",""data_residency_requirement"":""unspecified"",""vendor_allowlist_required"":false}"
"biz-0340","test","business","market_competitive_research","research_insights","research_analysis","v1","Create a market-entry brief for DACH covering buyer structure, regulation, channels, incumbent responses, and the cheapest experiments that could invalidate the thesis.","T2","synthetic_prior","moderate_to_high","medium","medium_to_large","false","{""data_sensitivity"":""moderate"",""regulated_domain"":false,""cloud_processing_allowed"":""yes"",""data_residency_requirement"":""unspecified"",""vendor_allowlist_required"":false}"
"biz-0341","test","business","business_strategy","executive_strategy","strategy_planning","new","Advise whether Redwood Manufacturing should build, buy, or partner for customer data access, weighing control, speed, integration risk, and the scenario in which each choice fails.","T3","synthetic_prior","high","high","large_or_complex","false","{""data_sensitivity"":""low"",""regulated_domain"":false,""cloud_processing_allowed"":""yes"",""data_residency_requirement"":""US"",""vendor_allowlist_required"":false}"
"biz-0342","test","business","software_engineering","engineering","software_delivery","new","Split this reporting module into focused files without changing behavior, and add tests for the extracted parts.","T1","synthetic_prior","low_to_moderate","low_to_medium","small_to_medium","false","{""data_sensitivity"":""moderate"",""regulated_domain"":false,""cloud_processing_allowed"":""yes"",""data_residency_requirement"":""unspecified"",""vendor_allowlist_required"":false}"
"biz-0343","development","business","it_security_admin","it_security","systems_security","new","Create a runbook for rotating a service account credential across CI, staging, and production, with verification and rollback at each step.","T1","synthetic_prior","low_to_moderate","low_to_medium","small_to_medium","false","{""data_sensitivity"":""moderate"",""regulated_domain"":false,""cloud_processing_allowed"":""yes"",""data_residency_requirement"":""EU"",""vendor_allowlist_required"":false}"
"biz-0344","test","business","sales_customer_support","customer_support","customer_revenue_work","v1","Analyze a threatened strategic-account churn involving product gaps, executive turnover, and disputed service credits. Produce recovery options with commercial, legal, and operational tradeoffs.","T3","synthetic_prior","high","high","large_or_complex","false","{""data_sensitivity"":""low"",""regulated_domain"":false,""cloud_processing_allowed"":""yes"",""data_residency_requirement"":""EU"",""vendor_allowlist_required"":false}"
"biz-0345","test","business","documents_summaries","general_administration","document_synthesis","new","Turn these 60 bullets into a numbered checklist, keeping the original order.","T0","synthetic_prior","low","low","small","false","{""data_sensitivity"":""low"",""regulated_domain"":false,""cloud_processing_allowed"":""yes"",""data_residency_requirement"":""US"",""vendor_allowlist_required"":false}"
"biz-0346","development","business","presentations","general_administration","presentation_creation","new","Turn this five-page memo into an eight-slide presentation with takeaway titles, concise body copy, and speaker notes.","T1","synthetic_prior","low_to_moderate","low_to_medium","small_to_medium","false","{""data_sensitivity"":""moderate"",""regulated_domain"":false,""cloud_processing_allowed"":""yes"",""data_residency_requirement"":""US"",""vendor_allowlist_required"":false}"
"biz-0347","test","business","data_spreadsheets","analytics","data_analysis","new","Turn the the supplied workbook into a column-by-column cleaning plan with validation rules, deduplication logic, and the exceptions that need a human decision.","T1","synthetic_prior","low_to_moderate","low_to_medium","small_to_medium","true","{""data_sensitivity"":""low"",""regulated_domain"":false,""cloud_processing_allowed"":""yes"",""data_residency_requirement"":""unspecified"",""vendor_allowlist_required"":false}"
"biz-0348","development","business","product_design","product","product_definition","new","Create a short QA checklist for a password-reset flow, listing every state a user can reach.","T0","synthetic_prior","low","low","small","false","{""data_sensitivity"":""low"",""regulated_domain"":true,""cloud_processing_allowed"":""yes"",""data_residency_requirement"":""EU"",""vendor_allowlist_required"":true}"
"biz-0349","test","business","it_security_admin","it_security","systems_security","new","Investigate a suspected supply-chain compromise spanning cloud identities and the edge network. Build competing hypotheses and an evidence-preserving containment plan.","T3","synthetic_prior","high","high","large_or_complex","false","{""data_sensitivity"":""low"",""regulated_domain"":false,""cloud_processing_allowed"":""yes"",""data_residency_requirement"":""EU"",""vendor_allowlist_required"":false}"
"biz-0350","test","business","meetings_collaboration","operations","meeting_synthesis","v1","Summarize a 90-minute cross-functional meeting, separating firm decisions from proposals, objections, and assumptions. Flag places where participants appear to disagree about what was decided.","T2","synthetic_prior","moderate_to_high","medium","medium_to_large","false","{""data_sensitivity"":""low"",""regulated_domain"":false,""cloud_processing_allowed"":""yes"",""data_residency_requirement"":""US"",""vendor_allowlist_required"":false}"
"biz-0351","test","business","marketing_content","marketing","content_creation","v1","Write five concise LinkedIn captions announcing a webinar for inventory planning platform. Avoid emojis and exaggerated claims.","T0","synthetic_prior","low","low","small","false","{""data_sensitivity"":""moderate"",""regulated_domain"":false,""cloud_processing_allowed"":""yes"",""data_residency_requirement"":""US"",""vendor_allowlist_required"":false}"
"biz-0352","test","business","data_spreadsheets","finance","data_analysis","new","Write a TypeScript formula that flags a row when gross margin falls below the target in column E.","T0","synthetic_prior","low","low","small","false","{""data_sensitivity"":""low"",""regulated_domain"":true,""cloud_processing_allowed"":""yes"",""data_residency_requirement"":""unspecified"",""vendor_allowlist_required"":true}"
"biz-0353","test","business","business_strategy","executive_strategy","strategy_planning","v1","Develop three strategic options for entering DACH, with required capabilities, leading indicators, reversibility, and explicit kill criteria.","T2","synthetic_prior","moderate_to_high","medium","medium_to_large","false","{""data_sensitivity"":""moderate"",""regulated_domain"":false,""cloud_processing_allowed"":""yes"",""data_residency_requirement"":""unspecified"",""vendor_allowlist_required"":false}"
"biz-0354","test","business","it_security_admin","it_security","systems_security","v1","Create a step-by-step runbook for rotating a service account credential across CI, staging, and production with verification and rollback checks.","T1","synthetic_prior","low_to_moderate","low_to_medium","small_to_medium","false","{""data_sensitivity"":""low"",""regulated_domain"":true,""cloud_processing_allowed"":""yes"",""data_residency_requirement"":""unspecified"",""vendor_allowlist_required"":true}"
"biz-0355","test","business","business_strategy","executive_strategy","strategy_planning","new","Evaluate three supplied expansion markets for Beacon Learning using the attached unit economics, and recommend a sequencing with leading indicators and stop conditions.","T2","synthetic_prior","moderate_to_high","medium","medium_to_large","true","{""data_sensitivity"":""low"",""regulated_domain"":false,""cloud_processing_allowed"":""yes"",""data_residency_requirement"":""unspecified"",""vendor_allowlist_required"":false}"
"biz-0356","test","business","people_finance_legal_ops","finance","corporate_operations","v1","Summarize this monthly finance pack into actual-versus-budget movements, cash concerns, and questions for budget owners.","T1","synthetic_prior","low_to_moderate","low_to_medium","small_to_medium","false","{""data_sensitivity"":""low"",""regulated_domain"":true,""cloud_processing_allowed"":""yes"",""data_residency_requirement"":""US"",""vendor_allowlist_required"":true}"
"biz-0357","test","business","email_communication","sales","communication_drafting","new","Draft a customer email explaining a two-week delay, including the revised date, a workaround, and when we will next update them. The tone should be confident without sounding promotional.","T1","synthetic_prior","low_to_moderate","low_to_medium","small_to_medium","false","{""data_sensitivity"":""moderate"",""regulated_domain"":false,""cloud_processing_allowed"":""yes"",""data_residency_requirement"":""unspecified"",""vendor_allowlist_required"":false}"
"biz-0358","test","business","data_spreadsheets","analytics","data_analysis","new","Write a SQL query that returns conversion rate by region for the last 30 days.","T0","synthetic_prior","low","low","small","false","{""data_sensitivity"":""low"",""regulated_domain"":false,""cloud_processing_allowed"":""yes"",""data_residency_requirement"":""US"",""vendor_allowlist_required"":false}"
"biz-0359","test","business","product_design","product","product_definition","new","Create a 20-question discovery guide for a procurement manager evaluating expense-management service.","T1","synthetic_prior","low_to_moderate","low_to_medium","small_to_medium","false","{""data_sensitivity"":""low"",""regulated_domain"":true,""cloud_processing_allowed"":""yes"",""data_residency_requirement"":""US"",""vendor_allowlist_required"":true}"
"biz-0360","test","business","marketing_content","marketing","content_creation","new","Write a campaign brief for inventory planning platform using the supplied positioning, proof points, and prohibited claims.","T1","synthetic_prior","low_to_moderate","low_to_medium","small_to_medium","true","{""data_sensitivity"":""high"",""regulated_domain"":false,""cloud_processing_allowed"":""policy_check_required"",""data_residency_requirement"":""US"",""vendor_allowlist_required"":true}"
"biz-0361","development","business","marketing_content","marketing","content_creation","v1","Write a landing-page draft for telehealth portal using the supplied positioning, proof points, and prohibited-claims list.","T1","synthetic_prior","low_to_moderate","low_to_medium","small_to_medium","true","{""data_sensitivity"":""high"",""regulated_domain"":false,""cloud_processing_allowed"":""policy_check_required"",""data_residency_requirement"":""US"",""vendor_allowlist_required"":true}"
"biz-0362","test","business","data_spreadsheets","analytics","data_analysis","new","Turn the the internal policy into a column-by-column cleaning plan with validation rules, deduplication logic, and the exceptions that need a human decision.","T1","synthetic_prior","low_to_moderate","low_to_medium","small_to_medium","false","{""data_sensitivity"":""low"",""regulated_domain"":false,""cloud_processing_allowed"":""yes"",""data_residency_requirement"":""unspecified"",""vendor_allowlist_required"":false}"
"biz-0363","development","business","email_communication","general_administration","communication_drafting","v1","Turn these bullets into a clear internal announcement: office closed Monday; support remains on call; normal hours resume Tuesday.","T0","synthetic_prior","low","low","small","false","{""data_sensitivity"":""moderate"",""regulated_domain"":false,""cloud_processing_allowed"":""yes"",""data_residency_requirement"":""EU"",""vendor_allowlist_required"":false}"
"biz-0364","test","business","classification_extraction","people_hr","classification_extraction","new","Normalize these 20 job titles into the supplied HRIS schema, using null when a field is missing.","T1","synthetic_prior","low_to_moderate","low_to_medium","small_to_medium","true","{""data_sensitivity"":""low"",""regulated_domain"":true,""cloud_processing_allowed"":""yes"",""data_residency_requirement"":""unspecified"",""vendor_allowlist_required"":true}"
"biz-0365","test","business","marketing_content","marketing","content_creation","new","Adapt the approved customer story for the board and new employees without changing the facts.","T1","synthetic_prior","low_to_moderate","low_to_medium","small_to_medium","false","{""data_sensitivity"":""moderate"",""regulated_domain"":false,""cloud_processing_allowed"":""yes"",""data_residency_requirement"":""unspecified"",""vendor_allowlist_required"":false}"
"biz-0366","development","business","it_security_admin","it_security","systems_security","v1","Investigate a suspected supply-chain compromise spanning CI, package registries, cloud identities, and production workloads. Build competing hypotheses, an evidence-preserving containment plan, and recovery gates.","T3","synthetic_prior","high","high","large_or_complex","false","{""data_sensitivity"":""low"",""regulated_domain"":true,""cloud_processing_allowed"":""yes"",""data_residency_requirement"":""unspecified"",""vendor_allowlist_required"":true}"
"biz-0367","test","business","email_communication","general_administration","communication_drafting","v1","Create a four-email re-engagement sequence for dormant consumer subscriptions leads. Each email should have a distinct purpose, avoid fake urgency, and build on the previous one.","T2","synthetic_prior","moderate_to_high","medium","medium_to_large","false","{""data_sensitivity"":""low"",""regulated_domain"":false,""cloud_processing_allowed"":""yes"",""data_residency_requirement"":""US"",""vendor_allowlist_required"":false}"
"biz-0368","test","business","documents_summaries","general_administration","document_synthesis","new","Summarize this project brief in three bullets for nontechnical stakeholders.","T0","synthetic_prior","low","low","small","false","{""data_sensitivity"":""high"",""regulated_domain"":true,""cloud_processing_allowed"":""policy_check_required"",""data_residency_requirement"":""unspecified"",""vendor_allowlist_required"":true}"
"biz-0369","test","business","business_strategy","executive_strategy","strategy_planning","v1","Advise whether Atlas Foods should sell, raise capital, or remain independent. Integrate market timing, founder objectives, dilution, competitive dynamics, and scenario-weighted enterprise value.","T3","synthetic_prior","high","high","large_or_complex","false","{""data_sensitivity"":""low"",""regulated_domain"":false,""cloud_processing_allowed"":""yes"",""data_residency_requirement"":""unspecified"",""vendor_allowlist_required"":false}"
"biz-0370","test","business","classification_extraction","finance","classification_extraction","new","Classify each of these 30 invoices into the three categories supplied, and return one label per row.","T0","synthetic_prior","low","low","small","true","{""data_sensitivity"":""high"",""regulated_domain"":false,""cloud_processing_allowed"":""policy_check_required"",""data_residency_requirement"":""US"",""vendor_allowlist_required"":true}"
"biz-0371","test","business","classification_extraction","operations","classification_extraction","new","Normalize these 20 leads into the supplied analytics schema, using null when a field is missing.","T1","synthetic_prior","low_to_moderate","low_to_medium","small_to_medium","true","{""data_sensitivity"":""low"",""regulated_domain"":false,""cloud_processing_allowed"":""yes"",""data_residency_requirement"":""APAC"",""vendor_allowlist_required"":false}"
"biz-0372","test","business","marketing_content","marketing","content_creation","new","Build a 10-month retention plan for prospective customers covering channels, owners, and review points.","T1","synthetic_prior","low_to_moderate","low_to_medium","small_to_medium","false","{""data_sensitivity"":""moderate"",""regulated_domain"":false,""cloud_processing_allowed"":""yes"",""data_residency_requirement"":""US"",""vendor_allowlist_required"":false}"
"biz-0373","test","business","meetings_collaboration","operations","meeting_synthesis","new","Synthesize six months of steering-committee meetings into recurring unresolved decisions and commitments that were never closed, citing speaker and date.","T3","synthetic_prior","high","high","large_or_complex","false","{""data_sensitivity"":""low"",""regulated_domain"":true,""cloud_processing_allowed"":""yes"",""data_residency_requirement"":""US"",""vendor_allowlist_required"":true}"
"biz-0374","development","business","marketing_content","marketing","content_creation","v1","Write a landing-page draft for expense-management service using the supplied positioning, proof points, and prohibited-claims list.","T1","synthetic_prior","low_to_moderate","low_to_medium","small_to_medium","true","{""data_sensitivity"":""moderate"",""regulated_domain"":false,""cloud_processing_allowed"":""yes"",""data_residency_requirement"":""unspecified"",""vendor_allowlist_required"":false}"
"biz-0375","test","business","software_engineering","engineering","software_delivery","new","Write a migration for Go and Redis that adds a nullable status column, backfills it in batches, and includes a safe rollback.","T1","synthetic_prior","low_to_moderate","low_to_medium","small_to_medium","false","{""data_sensitivity"":""low"",""regulated_domain"":false,""cloud_processing_allowed"":""yes"",""data_residency_requirement"":""EU"",""vendor_allowlist_required"":false}"
"biz-0376","test","business","documents_summaries","general_administration","document_synthesis","new","Turn these 10 bullets into a numbered checklist, keeping the original order.","T0","synthetic_prior","low","low","small","false","{""data_sensitivity"":""low"",""regulated_domain"":false,""cloud_processing_allowed"":""yes"",""data_residency_requirement"":""unspecified"",""vendor_allowlist_required"":false}"
"biz-0377","test","business","marketing_content","marketing","content_creation","v1","Create a content strategy for a small B2B software company with a six-person marketing team, a limited paid budget, and a goal of qualified pipeline rather than traffic.","T2","synthetic_prior","moderate_to_high","medium","medium_to_large","false","{""data_sensitivity"":""low"",""regulated_domain"":false,""cloud_processing_allowed"":""yes"",""data_residency_requirement"":""EU"",""vendor_allowlist_required"":false}"
"biz-0378","test","business","email_communication","sales","communication_drafting","v1","Write three subject-line options for an email inviting the executive team to a 30-minute product demo.","T0","synthetic_prior","low","low","small","false","{""data_sensitivity"":""low"",""regulated_domain"":false,""cloud_processing_allowed"":""yes"",""data_residency_requirement"":""unspecified"",""vendor_allowlist_required"":false}"
"biz-0379","test","business","software_engineering","engineering","software_delivery","new","Add a docstring and one usage example to the Python function below.","T0","synthetic_prior","low","low","small","false","{""data_sensitivity"":""high"",""regulated_domain"":true,""cloud_processing_allowed"":""policy_check_required"",""data_residency_requirement"":""US"",""vendor_allowlist_required"":true}"
"biz-0380","test","business","meetings_collaboration","operations","meeting_synthesis","new","Turn these 40 interview summaries into a recommendation with options with owners, dates, and dependencies.","T1","synthetic_prior","low_to_moderate","low_to_medium","small_to_medium","false","{""data_sensitivity"":""low"",""regulated_domain"":false,""cloud_processing_allowed"":""yes"",""data_residency_requirement"":""unspecified"",""vendor_allowlist_required"":false}"
"biz-0381","test","business","product_design","product","product_definition","new","Rewrite the labels on these form fields so each is clear and consistent in under eight words.","T0","synthetic_prior","low","low","small","false","{""data_sensitivity"":""low"",""regulated_domain"":false,""cloud_processing_allowed"":""yes"",""data_residency_requirement"":""unspecified"",""vendor_allowlist_required"":false}"
"biz-0382","test","business","data_spreadsheets","finance","data_analysis","v1","Design a driver-based annual budget model for Redwood Manufacturing, including assumptions, formulas, scenario toggles, and checks that catch broken links.","T2","synthetic_prior","moderate_to_high","medium","medium_to_large","false","{""data_sensitivity"":""moderate"",""regulated_domain"":false,""cloud_processing_allowed"":""yes"",""data_residency_requirement"":""unspecified"",""vendor_allowlist_required"":false}"
"biz-0383","development","business","documents_summaries","legal_compliance","document_synthesis","v1","Reconcile a 180-page regulatory consultation, internal policy manual, and outside-counsel memo. Produce an obligation matrix with conflicts, jurisdictional caveats, and questions requiring counsel.","T3","synthetic_prior","high","high","large_or_complex","false","{""data_sensitivity"":""moderate"",""regulated_domain"":false,""cloud_processing_allowed"":""yes"",""data_residency_requirement"":""EU"",""vendor_allowlist_required"":false}"
"biz-0384","development","business","people_finance_legal_ops","people_hr","corporate_operations","new","Turn these expense-policy bullets into a short employee FAQ with one question per bullet.","T0","synthetic_prior","low","low","small","false","{""data_sensitivity"":""low"",""regulated_domain"":false,""cloud_processing_allowed"":""yes"",""data_residency_requirement"":""US"",""vendor_allowlist_required"":false}"
"biz-0385","development","business","meetings_collaboration","operations","meeting_synthesis","new","Summarize a 45-minute project meeting into decisions, action items, owners, dependencies, and open questions.","T1","synthetic_prior","low_to_moderate","low_to_medium","small_to_medium","false","{""data_sensitivity"":""high"",""regulated_domain"":false,""cloud_processing_allowed"":""policy_check_required"",""data_residency_requirement"":""unspecified"",""vendor_allowlist_required"":true}"
"biz-0386","development","business","data_spreadsheets","analytics","data_analysis","new","Audit this multi-sheet forecast for inconsistent scenario assumptions, hard-coded overrides, and circular references. Reconstruct the intended logic and rank the corrections by their effect on the decision.","T3","synthetic_prior","high","high","large_or_complex","true","{""data_sensitivity"":""low"",""regulated_domain"":true,""cloud_processing_allowed"":""yes"",""data_residency_requirement"":""APAC"",""vendor_allowlist_required"":true}"
"biz-0387","development","business","people_finance_legal_ops","people_hr","corporate_operations","new","Model a restructuring that must cut cost while preserving critical capabilities, meeting jurisdiction-specific consultation duties, and avoiding hidden single points of failure. Provide scenarios for leadership and questions for counsel.","T3","synthetic_prior","high","high","large_or_complex","false","{""data_sensitivity"":""low"",""regulated_domain"":false,""cloud_processing_allowed"":""yes"",""data_residency_requirement"":""APAC"",""vendor_allowlist_required"":false}"
"biz-0388","test","business","market_competitive_research","research_insights","research_analysis","new","Analyze how a major regulatory change could reshape the competitive structure of healthcare operations over five years, modeling second-order effects, strategic responses, and alternative scenarios.","T3","synthetic_prior","high","high","large_or_complex","false","{""data_sensitivity"":""moderate"",""regulated_domain"":false,""cloud_processing_allowed"":""yes"",""data_residency_requirement"":""unspecified"",""vendor_allowlist_required"":false}"
"biz-0389","test","business","documents_summaries","general_administration","document_synthesis","new","Summarize this implementation plan into a decision memo covering scope, fees, assumptions, exclusions, and open questions.","T1","synthetic_prior","low_to_moderate","low_to_medium","small_to_medium","false","{""data_sensitivity"":""high"",""regulated_domain"":true,""cloud_processing_allowed"":""policy_check_required"",""data_residency_requirement"":""unspecified"",""vendor_allowlist_required"":true}"
"biz-0390","test","business","email_communication","sales","communication_drafting","new","Draft a customer email explaining a two-week delay, including the revised date, a workaround, and when we will next update them. The tone should be direct but diplomatic.","T1","synthetic_prior","low_to_moderate","low_to_medium","small_to_medium","false","{""data_sensitivity"":""low"",""regulated_domain"":false,""cloud_processing_allowed"":""yes"",""data_residency_requirement"":""US"",""vendor_allowlist_required"":false}"
"biz-0391","test","business","software_engineering","engineering","software_delivery","new","Add a docstring and one usage example to the Go function below.","T0","synthetic_prior","low","low","small","false","{""data_sensitivity"":""low"",""regulated_domain"":false,""cloud_processing_allowed"":""yes"",""data_residency_requirement"":""US"",""vendor_allowlist_required"":false}"
"biz-0392","test","business","data_spreadsheets","finance","data_analysis","v1","Design a driver-based annual budget model for Cedar Health, including assumptions, formulas, scenario toggles, and checks that catch broken links.","T2","synthetic_prior","moderate_to_high","medium","medium_to_large","false","{""data_sensitivity"":""moderate"",""regulated_domain"":false,""cloud_processing_allowed"":""yes"",""data_residency_requirement"":""unspecified"",""vendor_allowlist_required"":false}"
"biz-0393","test","business","marketing_content","marketing","content_creation","new","Build a 60-month content plan for the executive team covering channels, owners, and review points.","T1","synthetic_prior","low_to_moderate","low_to_medium","small_to_medium","false","{""data_sensitivity"":""low"",""regulated_domain"":false,""cloud_processing_allowed"":""yes"",""data_residency_requirement"":""APAC"",""vendor_allowlist_required"":false}"
"biz-0394","test","business","marketing_content","marketing","content_creation","new","Build a 10-month hiring plan for new employees covering channels, owners, and review points.","T1","synthetic_prior","low_to_moderate","low_to_medium","small_to_medium","false","{""data_sensitivity"":""moderate"",""regulated_domain"":false,""cloud_processing_allowed"":""yes"",""data_residency_requirement"":""unspecified"",""vendor_allowlist_required"":false}"
"biz-0395","test","business","data_spreadsheets","analytics","data_analysis","new","Write a SQL formula that flags a row when on-time delivery falls below the target in column G.","T0","synthetic_prior","low","low","small","false","{""data_sensitivity"":""high"",""regulated_domain"":true,""cloud_processing_allowed"":""policy_check_required"",""data_residency_requirement"":""unspecified"",""vendor_allowlist_required"":true}"
"biz-0396","test","business","presentations","executive_strategy","presentation_creation","v1","Turn this memo into speaker notes for a five-minute presentation to the board.","T0","synthetic_prior","low","low","small","false","{""data_sensitivity"":""moderate"",""regulated_domain"":true,""cloud_processing_allowed"":""yes"",""data_residency_requirement"":""unspecified"",""vendor_allowlist_required"":true}"
"biz-0397","test","business","product_design","product","product_definition","v1","Design an onboarding experiment for warehouse analytics product that can distinguish comprehension problems from missing product value.","T2","synthetic_prior","moderate_to_high","medium","medium_to_large","false","{""data_sensitivity"":""low"",""regulated_domain"":false,""cloud_processing_allowed"":""yes"",""data_residency_requirement"":""unspecified"",""vendor_allowlist_required"":false}"
"biz-0398","test","business","data_spreadsheets","analytics","data_analysis","new","Write a SQL formula that flags a row when daily active users falls below the target in column G.","T0","synthetic_prior","low","low","small","false","{""data_sensitivity"":""low"",""regulated_domain"":true,""cloud_processing_allowed"":""yes"",""data_residency_requirement"":""EU"",""vendor_allowlist_required"":true}"
"biz-0399","test","business","people_finance_legal_ops","people_hr","corporate_operations","v1","Review this policy change for operational ambiguity, employee-impact risks, and implementation dependencies. Flag issues for HR or counsel rather than giving legal advice.","T2","synthetic_prior","moderate_to_high","medium","medium_to_large","false","{""data_sensitivity"":""moderate"",""regulated_domain"":false,""cloud_processing_allowed"":""yes"",""data_residency_requirement"":""unspecified"",""vendor_allowlist_required"":false}"
"biz-0400","test","business","market_competitive_research","research_insights","research_analysis","v1","Analyze how a major regulatory change could reshape the competitive structure of manufacturing over five years. Model second-order effects, strategic responses, and alternative scenarios.","T3","synthetic_prior","high","high","large_or_complex","false","{""data_sensitivity"":""low"",""regulated_domain"":false,""cloud_processing_allowed"":""yes"",""data_residency_requirement"":""APAC"",""vendor_allowlist_required"":false}"
"biz-0401","test","business","people_finance_legal_ops","people_hr","corporate_operations","v1","Create a workforce plan for a team whose demand is seasonal and whose hiring lead time is four months. Compare hiring, contractors, overtime, and service-level changes.","T2","synthetic_prior","moderate_to_high","medium","medium_to_large","false","{""data_sensitivity"":""low"",""regulated_domain"":true,""cloud_processing_allowed"":""yes"",""data_residency_requirement"":""APAC"",""vendor_allowlist_required"":true}"
"biz-0402","test","business","marketing_content","marketing","content_creation","new","Develop messaging pillars for employee scheduling app across three buyer roles, giving each role a problem, a promise, a proof point, and an objection response.","T2","synthetic_prior","moderate_to_high","medium","medium_to_large","false","{""data_sensitivity"":""low"",""regulated_domain"":false,""cloud_processing_allowed"":""yes"",""data_residency_requirement"":""US"",""vendor_allowlist_required"":false}"
"biz-0403","development","business","documents_summaries","legal_compliance","document_synthesis","new","Analyze a large diligence set of contracts, board materials, and operating reports to find contradictions that could materially change the acquisition thesis, citing every finding.","T3","synthetic_prior","high","high","large_or_complex","true","{""data_sensitivity"":""low"",""regulated_domain"":true,""cloud_processing_allowed"":""yes"",""data_residency_requirement"":""US"",""vendor_allowlist_required"":true}"
"biz-0404","test","business","product_design","product","product_definition","new","Rewrite the labels on these empty-state messages so each is clear and consistent in under eight words.","T0","synthetic_prior","low","low","small","false","{""data_sensitivity"":""low"",""regulated_domain"":true,""cloud_processing_allowed"":""yes"",""data_residency_requirement"":""unspecified"",""vendor_allowlist_required"":true}"
"biz-0405","test","business","sales_customer_support","customer_support","customer_revenue_work","v1","Draft a response to an enterprise escalation involving repeated outages, an upcoming renewal, and an unsupported customization request. Preserve trust without promising an unavailable feature.","T2","synthetic_prior","moderate_to_high","medium","medium_to_large","false","{""data_sensitivity"":""high"",""regulated_domain"":false,""cloud_processing_allowed"":""policy_check_required"",""data_residency_requirement"":""US"",""vendor_allowlist_required"":true}"
"biz-0406","test","business","people_finance_legal_ops","people_hr","corporate_operations","v1","Design a global compensation framework across high-inflation markets, remote roles, acquisitions, and internal-equity constraints. Model tradeoffs and transition risks.","T3","synthetic_prior","high","high","large_or_complex","false","{""data_sensitivity"":""moderate"",""regulated_domain"":false,""cloud_processing_allowed"":""yes"",""data_residency_requirement"":""unspecified"",""vendor_allowlist_required"":false}"
"biz-0407","test","business","market_competitive_research","research_insights","research_analysis","new","Assess the competitive landscape for inventory planning platform in the UK and Ireland, separating sourced facts from inference and naming the evidence gaps.","T2","synthetic_prior","moderate_to_high","medium","medium_to_large","true","{""data_sensitivity"":""high"",""regulated_domain"":true,""cloud_processing_allowed"":""policy_check_required"",""data_residency_requirement"":""US"",""vendor_allowlist_required"":true}"
"biz-0408","test","business","documents_summaries","general_administration","document_synthesis","new","Summarize this incident report into scope, fees, assumptions, exclusions, timeline, and the questions we still need to ask.","T1","synthetic_prior","low_to_moderate","low_to_medium","small_to_medium","false","{""data_sensitivity"":""low"",""regulated_domain"":false,""cloud_processing_allowed"":""yes"",""data_residency_requirement"":""US"",""vendor_allowlist_required"":false}"
"biz-0409","test","business","business_strategy","executive_strategy","strategy_planning","new","Reconcile two business units that report daily active users differently and both claim the higher figure. Determine the defensible number and the control that prevents recurrence.","T3","synthetic_prior","high","high","large_or_complex","false","{""data_sensitivity"":""moderate"",""regulated_domain"":false,""cloud_processing_allowed"":""yes"",""data_residency_requirement"":""unspecified"",""vendor_allowlist_required"":false}"
"biz-0410","test","business","product_design","product","product_definition","new","Rewrite the labels on these table headers so each is clear and consistent in under eight words.","T0","synthetic_prior","low","low","small","false","{""data_sensitivity"":""low"",""regulated_domain"":true,""cloud_processing_allowed"":""yes"",""data_residency_requirement"":""unspecified"",""vendor_allowlist_required"":true}"
"biz-0411","test","business","it_security_admin","it_security","systems_security","new","Investigate a suspected insider exfiltration spanning production workloads and the identity provider. Build competing hypotheses and an evidence-preserving containment plan.","T3","synthetic_prior","high","high","large_or_complex","false","{""data_sensitivity"":""low"",""regulated_domain"":true,""cloud_processing_allowed"":""yes"",""data_residency_requirement"":""US"",""vendor_allowlist_required"":true}"
"biz-0412","development","business","documents_summaries","legal_compliance","document_synthesis","new","Fix the grammar and punctuation in this policy without changing its meaning.","T0","synthetic_prior","low","low","small","false","{""data_sensitivity"":""moderate"",""regulated_domain"":false,""cloud_processing_allowed"":""yes"",""data_residency_requirement"":""unspecified"",""vendor_allowlist_required"":false}"
"biz-0413","test","business","presentations","general_administration","presentation_creation","v1","Restructure this 24-slide product presentation into a persuasive 10-slide story for a skeptical CFO, preserving evidence and removing redundant claims.","T2","synthetic_prior","moderate_to_high","medium","medium_to_large","false","{""data_sensitivity"":""low"",""regulated_domain"":true,""cloud_processing_allowed"":""yes"",""data_residency_requirement"":""APAC"",""vendor_allowlist_required"":true}"
"biz-0414","test","business","business_strategy","executive_strategy","strategy_planning","new","Evaluate three supplied expansion markets for Juniper Retail using the attached unit economics, and recommend a sequencing with leading indicators and stop conditions.","T2","synthetic_prior","moderate_to_high","medium","medium_to_large","true","{""data_sensitivity"":""moderate"",""regulated_domain"":false,""cloud_processing_allowed"":""yes"",""data_residency_requirement"":""unspecified"",""vendor_allowlist_required"":false}"
"biz-0415","test","business","marketing_content","marketing","content_creation","v1","Develop messaging pillars for telehealth portal aimed at three buyer roles. Give each role a problem, promise, proof point, and objection response.","T2","synthetic_prior","moderate_to_high","medium","medium_to_large","false","{""data_sensitivity"":""low"",""regulated_domain"":false,""cloud_processing_allowed"":""yes"",""data_residency_requirement"":""APAC"",""vendor_allowlist_required"":false}"
"biz-0416","development","business","presentations","general_administration","presentation_creation","new","Create a 12-slide investor-update narrative from the supplied metrics that leads with the central tension, specifies each chart, and does not hide the missed target.","T2","synthetic_prior","moderate_to_high","medium","medium_to_large","true","{""data_sensitivity"":""low"",""regulated_domain"":false,""cloud_processing_allowed"":""yes"",""data_residency_requirement"":""US"",""vendor_allowlist_required"":false}"
"biz-0417","development","business","business_strategy","executive_strategy","strategy_planning","new","Write a one-line objective and two measurable key results for each priority in this list, using only the numbers provided.","T0","synthetic_prior","low","low","small","false","{""data_sensitivity"":""low"",""regulated_domain"":true,""cloud_processing_allowed"":""yes"",""data_residency_requirement"":""unspecified"",""vendor_allowlist_required"":true}"
"biz-0418","development","business","product_design","product","product_definition","new","Create an interview guide to test whether finance managers understand and trust an automated reconciliation feature.","T1","synthetic_prior","low_to_moderate","low_to_medium","small_to_medium","false","{""data_sensitivity"":""low"",""regulated_domain"":false,""cloud_processing_allowed"":""yes"",""data_residency_requirement"":""unspecified"",""vendor_allowlist_required"":false}"
"biz-0419","development","business","meetings_collaboration","operations","meeting_synthesis","v1","Summarize a 45-minute project meeting into decisions, action items, owners, dependencies, and unresolved questions.","T1","synthetic_prior","low_to_moderate","low_to_medium","small_to_medium","false","{""data_sensitivity"":""low"",""regulated_domain"":false,""cloud_processing_allowed"":""yes"",""data_residency_requirement"":""unspecified"",""vendor_allowlist_required"":false}"
"biz-0420","test","business","market_competitive_research","research_insights","research_analysis","v1","Analyze how a major regulatory change could reshape the competitive structure of healthcare operations over five years. Model second-order effects, strategic responses, and alternative scenarios.","T3","synthetic_prior","high","high","large_or_complex","false","{""data_sensitivity"":""moderate"",""regulated_domain"":false,""cloud_processing_allowed"":""yes"",""data_residency_requirement"":""US"",""vendor_allowlist_required"":false}"
"biz-0421","development","business","documents_summaries","general_administration","document_synthesis","new","Fix the grammar and punctuation in this meeting summary without changing its meaning.","T0","synthetic_prior","low","low","small","false","{""data_sensitivity"":""low"",""regulated_domain"":false,""cloud_processing_allowed"":""yes"",""data_residency_requirement"":""US"",""vendor_allowlist_required"":false}"
"biz-0422","test","business","classification_extraction","customer_support","classification_extraction","new","Classify each of these 12 support tickets into the three categories supplied, and return one label per row.","T0","synthetic_prior","low","low","small","true","{""data_sensitivity"":""high"",""regulated_domain"":false,""cloud_processing_allowed"":""policy_check_required"",""data_residency_requirement"":""EU"",""vendor_allowlist_required"":true}"
"biz-0423","development","business","software_engineering","engineering","software_delivery","v1","Trace a production data-corruption bug across a distributed Go and Redis system using partial logs, retries, asynchronous consumers, and a recent schema migration. Identify the most plausible causal chain and safe recovery plan.","T3","synthetic_prior","high","high","large_or_complex","true","{""data_sensitivity"":""moderate"",""regulated_domain"":false,""cloud_processing_allowed"":""yes"",""data_residency_requirement"":""EU"",""vendor_allowlist_required"":false}"
"biz-0424","test","business","data_spreadsheets","analytics","data_analysis","new","Write a Ruby formula that flags a row when daily active users falls below the target in column D.","T0","synthetic_prior","low","low","small","false","{""data_sensitivity"":""low"",""regulated_domain"":false,""cloud_processing_allowed"":""yes"",""data_residency_requirement"":""unspecified"",""vendor_allowlist_required"":false}"
"biz-0425","development","business","marketing_content","marketing","content_creation","new","Write five short social captions announcing a webinar for customer-support suite, avoiding emojis and exaggerated claims.","T0","synthetic_prior","low","low","small","false","{""data_sensitivity"":""low"",""regulated_domain"":true,""cloud_processing_allowed"":""yes"",""data_residency_requirement"":""APAC"",""vendor_allowlist_required"":true}"
"biz-0426","development","business","software_engineering","engineering","software_delivery","v1","Explain this stack trace and suggest the most likely first check: “TypeError: Cannot read properties of undefined (reading map)”.","T0","synthetic_prior","low","low","small","false","{""data_sensitivity"":""moderate"",""regulated_domain"":false,""cloud_processing_allowed"":""yes"",""data_residency_requirement"":""unspecified"",""vendor_allowlist_required"":false}"
"biz-0427","test","business","business_strategy","executive_strategy","strategy_planning","v1","Develop three strategic options for entering the UK and Ireland, with required capabilities, leading indicators, reversibility, and explicit kill criteria.","T2","synthetic_prior","moderate_to_high","medium","medium_to_large","false","{""data_sensitivity"":""moderate"",""regulated_domain"":true,""cloud_processing_allowed"":""yes"",""data_residency_requirement"":""unspecified"",""vendor_allowlist_required"":true}"
"biz-0428","test","business","meetings_collaboration","operations","meeting_synthesis","new","Turn these 50 project updates into a recommendation with options with owners, dates, and dependencies.","T1","synthetic_prior","low_to_moderate","low_to_medium","small_to_medium","false","{""data_sensitivity"":""high"",""regulated_domain"":false,""cloud_processing_allowed"":""policy_check_required"",""data_residency_requirement"":""US"",""vendor_allowlist_required"":true}"
"biz-0429","test","business","product_design","product","product_definition","new","Rewrite the labels on these tooltips so each is clear and consistent in under eight words.","T0","synthetic_prior","low","low","small","false","{""data_sensitivity"":""low"",""regulated_domain"":false,""cloud_processing_allowed"":""yes"",""data_residency_requirement"":""unspecified"",""vendor_allowlist_required"":false}"
"biz-0430","test","business","documents_summaries","sales","document_synthesis","v1","Turn a 35-page technical report into a two-page executive brief for enterprise buyers, preserving uncertainty and the limits of the analysis.","T2","synthetic_prior","moderate_to_high","medium","medium_to_large","false","{""data_sensitivity"":""high"",""regulated_domain"":true,""cloud_processing_allowed"":""policy_check_required"",""data_residency_requirement"":""EU"",""vendor_allowlist_required"":true}"
"biz-0431","test","business","sales_customer_support","sales","customer_revenue_work","new","Create a discovery-call question set for a product manager evaluating inventory planning platform, organized by workflow, impact, decision process, and timing.","T1","synthetic_prior","low_to_moderate","low_to_medium","small_to_medium","false","{""data_sensitivity"":""moderate"",""regulated_domain"":false,""cloud_processing_allowed"":""yes"",""data_residency_requirement"":""US"",""vendor_allowlist_required"":false}"
"biz-0432","test","business","email_communication","sales","communication_drafting","new","Draft a customer email explaining a two-week delay, including the revised date, a workaround, and when we will next update them. The tone should be friendly and action-oriented.","T1","synthetic_prior","low_to_moderate","low_to_medium","small_to_medium","false","{""data_sensitivity"":""low"",""regulated_domain"":false,""cloud_processing_allowed"":""yes"",""data_residency_requirement"":""US"",""vendor_allowlist_required"":false}"
"biz-0433","test","business","it_security_admin","it_security","systems_security","new","Translate this change request for Snowflake into an implementation checklist with source, destination, owner, test, and rollback.","T1","synthetic_prior","low_to_moderate","low_to_medium","small_to_medium","true","{""data_sensitivity"":""low"",""regulated_domain"":false,""cloud_processing_allowed"":""yes"",""data_residency_requirement"":""unspecified"",""vendor_allowlist_required"":false}"
"biz-0434","test","business","classification_extraction","customer_support","classification_extraction","new","Determine whether these 400 incident reports describe one recurring failure or several distinct ones, given inconsistent naming and overlapping symptoms. Produce groupings with the supporting evidence and the alternative interpretations that remain open.","T3","synthetic_prior","high","high","large_or_complex","true","{""data_sensitivity"":""moderate"",""regulated_domain"":false,""cloud_processing_allowed"":""yes"",""data_residency_requirement"":""unspecified"",""vendor_allowlist_required"":false}"
"biz-0435","test","business","email_communication","general_administration","communication_drafting","v1","Create a four-email re-engagement sequence for dormant specialty retail leads. Each email should have a distinct purpose, avoid fake urgency, and build on the previous one.","T2","synthetic_prior","moderate_to_high","medium","medium_to_large","false","{""data_sensitivity"":""high"",""regulated_domain"":true,""cloud_processing_allowed"":""policy_check_required"",""data_residency_requirement"":""EU"",""vendor_allowlist_required"":true}"
"biz-0436","test","business","presentations","executive_strategy","presentation_creation","new","Turn a mixed set of spreadsheets, interviews, and market reports into a strategy deck with an auditable claim-to-source map and explicit alternative interpretations.","T3","synthetic_prior","high","high","large_or_complex","true","{""data_sensitivity"":""high"",""regulated_domain"":true,""cloud_processing_allowed"":""policy_check_required"",""data_residency_requirement"":""EU"",""vendor_allowlist_required"":true}"
"biz-0437","test","business","it_security_admin","it_security","systems_security","new","Translate this change request for AWS into an implementation checklist with source, destination, owner, test, and rollback.","T1","synthetic_prior","low_to_moderate","low_to_medium","small_to_medium","true","{""data_sensitivity"":""moderate"",""regulated_domain"":false,""cloud_processing_allowed"":""yes"",""data_residency_requirement"":""US"",""vendor_allowlist_required"":false}"
"biz-0438","test","business","classification_extraction","finance","classification_extraction","new","Classify each of these 40 invoices into the three categories supplied, and return one label per row.","T0","synthetic_prior","low","low","small","true","{""data_sensitivity"":""low"",""regulated_domain"":true,""cloud_processing_allowed"":""yes"",""data_residency_requirement"":""EU"",""vendor_allowlist_required"":true}"
"biz-0439","test","business","it_security_admin","it_security","systems_security","v1","Create a checklist for onboarding a new employee’s laptop, accounts, MFA, and access groups.","T0","synthetic_prior","low","low","small","false","{""data_sensitivity"":""moderate"",""regulated_domain"":false,""cloud_processing_allowed"":""yes"",""data_residency_requirement"":""unspecified"",""vendor_allowlist_required"":false}"
"biz-0440","test","business","data_spreadsheets","finance","data_analysis","v1","Design a driver-based annual budget model for Harbor & Finch, including assumptions, formulas, scenario toggles, and checks that catch broken links.","T2","synthetic_prior","moderate_to_high","medium","medium_to_large","false","{""data_sensitivity"":""moderate"",""regulated_domain"":false,""cloud_processing_allowed"":""yes"",""data_residency_requirement"":""US"",""vendor_allowlist_required"":false}"
"biz-0441","test","business","software_engineering","engineering","software_delivery","new","Split this auth module into focused files without changing behavior, and add tests for the extracted parts.","T1","synthetic_prior","low_to_moderate","low_to_medium","small_to_medium","false","{""data_sensitivity"":""moderate"",""regulated_domain"":true,""cloud_processing_allowed"":""yes"",""data_residency_requirement"":""EU"",""vendor_allowlist_required"":true}"
"biz-0442","development","business","marketing_content","marketing","content_creation","new","Design a global launch narrative that must work across materially different regulatory and cultural contexts while remaining one coherent brand, and surface where localization requires product changes rather than copy changes.","T3","synthetic_prior","high","high","large_or_complex","false","{""data_sensitivity"":""moderate"",""regulated_domain"":false,""cloud_processing_allowed"":""yes"",""data_residency_requirement"":""unspecified"",""vendor_allowlist_required"":false}"
"biz-0443","test","business","sales_customer_support","customer_support","customer_revenue_work","new","Create a discovery-call question set for a support lead evaluating expense-management service, organized by workflow, impact, decision process, and timing.","T1","synthetic_prior","low_to_moderate","low_to_medium","small_to_medium","false","{""data_sensitivity"":""low"",""regulated_domain"":true,""cloud_processing_allowed"":""yes"",""data_residency_requirement"":""unspecified"",""vendor_allowlist_required"":true}"
"biz-0444","test","business","email_communication","sales","communication_drafting","v1","Adapt the same product-delay announcement for customers, internal staff, and implementation partners, changing detail and tone appropriately for each audience.","T2","synthetic_prior","moderate_to_high","medium","medium_to_large","false","{""data_sensitivity"":""high"",""regulated_domain"":true,""cloud_processing_allowed"":""policy_check_required"",""data_residency_requirement"":""EU"",""vendor_allowlist_required"":true}"
"biz-0445","test","business","software_engineering","engineering","software_delivery","new","Trace a production data-corruption bug across the reporting API and the export job using partial logs, retries, and a recent migration. Identify the most plausible causal chain and a safe recovery plan.","T3","synthetic_prior","high","high","large_or_complex","true","{""data_sensitivity"":""high"",""regulated_domain"":false,""cloud_processing_allowed"":""policy_check_required"",""data_residency_requirement"":""APAC"",""vendor_allowlist_required"":true}"
"biz-0446","test","business","presentations","executive_strategy","presentation_creation","v1","Turn this memo into speaker notes for a five-minute presentation to the executive team.","T0","synthetic_prior","low","low","small","false","{""data_sensitivity"":""high"",""regulated_domain"":true,""cloud_processing_allowed"":""policy_check_required"",""data_residency_requirement"":""US"",""vendor_allowlist_required"":true}"
"biz-0447","test","business","documents_summaries","general_administration","document_synthesis","new","Turn these 50 bullets into a numbered checklist, keeping the original order.","T0","synthetic_prior","low","low","small","false","{""data_sensitivity"":""low"",""regulated_domain"":false,""cloud_processing_allowed"":""yes"",""data_residency_requirement"":""unspecified"",""vendor_allowlist_required"":false}"
"biz-0448","test","business","business_strategy","executive_strategy","strategy_planning","new","Turn the the supplied workbook and the two attached spreadsheets into a structured comparison covering variances, risks, and the decisions still needed.","T1","synthetic_prior","low_to_moderate","low_to_medium","small_to_medium","true","{""data_sensitivity"":""moderate"",""regulated_domain"":false,""cloud_processing_allowed"":""yes"",""data_residency_requirement"":""unspecified"",""vendor_allowlist_required"":false}"
"biz-0449","test","business","presentations","general_administration","presentation_creation","v1","Improve this existing presentation by removing repetition, clarifying the narrative order, and proposing one visual per slide.","T1","synthetic_prior","low_to_moderate","low_to_medium","small_to_medium","false","{""data_sensitivity"":""low"",""regulated_domain"":false,""cloud_processing_allowed"":""yes"",""data_residency_requirement"":""unspecified"",""vendor_allowlist_required"":false}"
"biz-0450","test","business","classification_extraction","finance","classification_extraction","new","Normalize these 20 expense entries into the supplied analytics schema, using null when a field is missing.","T1","synthetic_prior","low_to_moderate","low_to_medium","small_to_medium","true","{""data_sensitivity"":""low"",""regulated_domain"":false,""cloud_processing_allowed"":""yes"",""data_residency_requirement"":""unspecified"",""vendor_allowlist_required"":false}"
"biz-0451","development","business","documents_summaries","general_administration","document_synthesis","v1","Condense this project update to 150 words while retaining dates, metrics, risks, and named owners.","T0","synthetic_prior","low","low","small","false","{""data_sensitivity"":""low"",""regulated_domain"":false,""cloud_processing_allowed"":""yes"",""data_residency_requirement"":""unspecified"",""vendor_allowlist_required"":false}"
"biz-0452","test","business","marketing_content","marketing","content_creation","new","Adapt the approved case study for enterprise buyers and regional managers without changing the facts.","T1","synthetic_prior","low_to_moderate","low_to_medium","small_to_medium","false","{""data_sensitivity"":""moderate"",""regulated_domain"":true,""cloud_processing_allowed"":""yes"",""data_residency_requirement"":""US"",""vendor_allowlist_required"":true}"
"biz-0453","test","business","email_communication","finance","communication_drafting","v1","Rewrite this email to be warm and concise, keeping it under 120 words: “Hi team, just reminding everyone that expense reports need to be submitted by Friday. Late reports delay the close.”","T0","synthetic_prior","low","low","small","true","{""data_sensitivity"":""low"",""regulated_domain"":false,""cloud_processing_allowed"":""yes"",""data_residency_requirement"":""EU"",""vendor_allowlist_required"":false}"
"biz-0454","test","business","software_engineering","engineering","software_delivery","v1","Add input validation to this API handler for email, quantity, and optional notes.","T0","synthetic_prior","low","low","small","false","{""data_sensitivity"":""low"",""regulated_domain"":true,""cloud_processing_allowed"":""yes"",""data_residency_requirement"":""EU"",""vendor_allowlist_required"":true}"
"biz-0455","test","business","meetings_collaboration","finance","meeting_synthesis","v1","Review this board-meeting transcript and produce an executive summary that preserves dissent, financial caveats, and all formally approved resolutions.","T2","synthetic_prior","moderate_to_high","medium","medium_to_large","true","{""data_sensitivity"":""low"",""regulated_domain"":false,""cloud_processing_allowed"":""yes"",""data_residency_requirement"":""unspecified"",""vendor_allowlist_required"":false}"
"biz-0456","test","business","market_competitive_research","research_insights","research_analysis","new","Analyze how a major regulatory change could reshape the competitive structure of manufacturing over five years, modeling second-order effects, strategic responses, and alternative scenarios.","T3","synthetic_prior","high","high","large_or_complex","false","{""data_sensitivity"":""moderate"",""regulated_domain"":true,""cloud_processing_allowed"":""yes"",""data_residency_requirement"":""unspecified"",""vendor_allowlist_required"":true}"
"biz-0457","test","business","software_engineering","engineering","software_delivery","v1","Find why these integration tests pass locally but fail under CI concurrency, then propose a deterministic repair.","T2","synthetic_prior","moderate_to_high","medium","medium_to_large","false","{""data_sensitivity"":""moderate"",""regulated_domain"":false,""cloud_processing_allowed"":""yes"",""data_residency_requirement"":""unspecified"",""vendor_allowlist_required"":false}"
"biz-0458","test","business","sales_customer_support","sales","customer_revenue_work","v1","Analyze this discovery-call transcript and produce a MEDDPICC-style account brief. Separate direct evidence from inference and identify missing qualification data.","T2","synthetic_prior","moderate_to_high","medium","medium_to_large","true","{""data_sensitivity"":""low"",""regulated_domain"":false,""cloud_processing_allowed"":""yes"",""data_residency_requirement"":""unspecified"",""vendor_allowlist_required"":false}"
"biz-0459","test","business","documents_summaries","general_administration","document_synthesis","new","Summarize this vendor proposal into a one-page brief covering scope, fees, assumptions, exclusions, and open questions.","T1","synthetic_prior","low_to_moderate","low_to_medium","small_to_medium","false","{""data_sensitivity"":""high"",""regulated_domain"":false,""cloud_processing_allowed"":""policy_check_required"",""data_residency_requirement"":""unspecified"",""vendor_allowlist_required"":true}"
"biz-0460","test","business","people_finance_legal_ops","finance","corporate_operations","new","Determine whether a proposed retention plan is affordable under three revenue scenarios using the supplied unit economics, and identify the assumptions that would change the decision.","T3","synthetic_prior","high","high","large_or_complex","true","{""data_sensitivity"":""low"",""regulated_domain"":true,""cloud_processing_allowed"":""yes"",""data_residency_requirement"":""unspecified"",""vendor_allowlist_required"":true}"
"biz-0461","test","business","data_spreadsheets","finance","data_analysis","new","Build a driver-based budget model for Brightline Energy with assumptions, scenario toggles, and integrity checks that catch broken links.","T2","synthetic_prior","moderate_to_high","medium","medium_to_large","false","{""data_sensitivity"":""moderate"",""regulated_domain"":true,""cloud_processing_allowed"":""yes"",""data_residency_requirement"":""unspecified"",""vendor_allowlist_required"":true}"
"biz-0462","test","business","marketing_content","marketing","content_creation","v1","Create a content strategy for a small professional services company with a six-person marketing team, a limited paid budget, and a goal of qualified pipeline rather than traffic.","T2","synthetic_prior","moderate_to_high","medium","medium_to_large","false","{""data_sensitivity"":""low"",""regulated_domain"":false,""cloud_processing_allowed"":""yes"",""data_residency_requirement"":""unspecified"",""vendor_allowlist_required"":false}"
"biz-0463","development","business","marketing_content","marketing","content_creation","v1","Analyze these 30 customer quotes and derive a voice-of-customer message hierarchy without turning rare comments into broad claims.","T2","synthetic_prior","moderate_to_high","medium","medium_to_large","false","{""data_sensitivity"":""low"",""regulated_domain"":false,""cloud_processing_allowed"":""yes"",""data_residency_requirement"":""EU"",""vendor_allowlist_required"":false}"
"biz-0464","test","business","software_engineering","engineering","software_delivery","new","Trace a production data-corruption bug across the ingestion pipeline and the webhook dispatcher using partial logs, retries, and a recent migration. Identify the most plausible causal chain and a safe recovery plan.","T3","synthetic_prior","high","high","large_or_complex","true","{""data_sensitivity"":""moderate"",""regulated_domain"":true,""cloud_processing_allowed"":""yes"",""data_residency_requirement"":""unspecified"",""vendor_allowlist_required"":true}"
"biz-0465","test","business","data_spreadsheets","finance","data_analysis","v1","Design a driver-based annual budget model for Aperture Labs, including assumptions, formulas, scenario toggles, and checks that catch broken links.","T2","synthetic_prior","moderate_to_high","medium","medium_to_large","false","{""data_sensitivity"":""moderate"",""regulated_domain"":false,""cloud_processing_allowed"":""yes"",""data_residency_requirement"":""unspecified"",""vendor_allowlist_required"":false}"
"biz-0466","test","business","email_communication","finance","communication_drafting","v1","Rewrite this email to be confident without sounding promotional, keeping it under 120 words: “Hi team, just reminding everyone that expense reports need to be submitted by Friday. Late reports delay the close.”","T0","synthetic_prior","low","low","small","true","{""data_sensitivity"":""low"",""regulated_domain"":false,""cloud_processing_allowed"":""yes"",""data_residency_requirement"":""unspecified"",""vendor_allowlist_required"":false}"
"biz-0467","development","business","market_competitive_research","research_insights","research_analysis","v1","Estimate a defensible TAM, SAM, and SOM range for a renewable energy product using the supplied source set, showing assumptions and avoiding double-counting.","T2","synthetic_prior","moderate_to_high","medium","medium_to_large","true","{""data_sensitivity"":""moderate"",""regulated_domain"":true,""cloud_processing_allowed"":""yes"",""data_residency_requirement"":""APAC"",""vendor_allowlist_required"":true}"
"biz-0468","test","business","sales_customer_support","sales","customer_revenue_work","v1","Create a discovery-call question set for an operations director evaluating expense-management service, organized by workflow, impact, decision process, and timing.","T1","synthetic_prior","low_to_moderate","low_to_medium","small_to_medium","false","{""data_sensitivity"":""low"",""regulated_domain"":false,""cloud_processing_allowed"":""yes"",""data_residency_requirement"":""APAC"",""vendor_allowlist_required"":false}"
"biz-0469","test","business","people_finance_legal_ops","finance","corporate_operations","new","Determine whether a proposed content plan is affordable under three revenue scenarios using the supplied unit economics, and identify the assumptions that would change the decision.","T3","synthetic_prior","high","high","large_or_complex","true","{""data_sensitivity"":""low"",""regulated_domain"":false,""cloud_processing_allowed"":""yes"",""data_residency_requirement"":""unspecified"",""vendor_allowlist_required"":false}"
"biz-0470","test","business","sales_customer_support","customer_support","customer_revenue_work","v1","Classify this support request as billing, technical, account access, or feature request, and draft a brief acknowledgment.","T0","synthetic_prior","low","low","small","false","{""data_sensitivity"":""moderate"",""regulated_domain"":false,""cloud_processing_allowed"":""yes"",""data_residency_requirement"":""unspecified"",""vendor_allowlist_required"":false}"
"biz-0471","test","business","market_competitive_research","research_insights","research_analysis","new","Assess the competitive landscape for employee scheduling app in the UK and Ireland, segmenting competitors by business model and buyer, distinguishing sourced facts from inference, and naming the evidence gaps.","T2","synthetic_prior","moderate_to_high","medium","medium_to_large","true","{""data_sensitivity"":""high"",""regulated_domain"":false,""cloud_processing_allowed"":""policy_check_required"",""data_residency_requirement"":""APAC"",""vendor_allowlist_required"":true}"
"biz-0472","test","business","product_design","product","product_definition","new","Synthesize 25 support calls into jobs, pains, and opportunity areas, preserving contradictory segments rather than forcing one persona.","T2","synthetic_prior","moderate_to_high","medium","medium_to_large","false","{""data_sensitivity"":""low"",""regulated_domain"":true,""cloud_processing_allowed"":""yes"",""data_residency_requirement"":""unspecified"",""vendor_allowlist_required"":true}"
"biz-0473","test","business","product_design","product","product_definition","new","Create a 20-question discovery guide for an operations director evaluating warehouse analytics product.","T1","synthetic_prior","low_to_moderate","low_to_medium","small_to_medium","false","{""data_sensitivity"":""low"",""regulated_domain"":true,""cloud_processing_allowed"":""yes"",""data_residency_requirement"":""unspecified"",""vendor_allowlist_required"":true}"
"biz-0474","test","business","marketing_content","marketing","content_creation","v1","Create a content strategy for a small renewable energy company with a six-person marketing team, a limited paid budget, and a goal of qualified pipeline rather than traffic.","T2","synthetic_prior","moderate_to_high","medium","medium_to_large","false","{""data_sensitivity"":""high"",""regulated_domain"":false,""cloud_processing_allowed"":""policy_check_required"",""data_residency_requirement"":""unspecified"",""vendor_allowlist_required"":true}"
"biz-0475","test","business","documents_summaries","general_administration","document_synthesis","new","Summarize this implementation plan into an action plan covering scope, fees, assumptions, exclusions, and open questions.","T1","synthetic_prior","low_to_moderate","low_to_medium","small_to_medium","false","{""data_sensitivity"":""low"",""regulated_domain"":false,""cloud_processing_allowed"":""yes"",""data_residency_requirement"":""US"",""vendor_allowlist_required"":false}"
"biz-0476","development","business","software_engineering","engineering","software_delivery","v1","Write a database migration that adds a nullable status field, backfills it safely, and includes a rollback, using the project’s existing conventions.","T1","synthetic_prior","low_to_moderate","low_to_medium","small_to_medium","false","{""data_sensitivity"":""moderate"",""regulated_domain"":false,""cloud_processing_allowed"":""yes"",""data_residency_requirement"":""US"",""vendor_allowlist_required"":false}"
"biz-0477","test","business","it_security_admin","it_security","systems_security","new","Investigate a suspected credential stuffing spanning CI and the admin console. Build competing hypotheses and an evidence-preserving containment plan.","T3","synthetic_prior","high","high","large_or_complex","false","{""data_sensitivity"":""high"",""regulated_domain"":true,""cloud_processing_allowed"":""policy_check_required"",""data_residency_requirement"":""US"",""vendor_allowlist_required"":true}"
"biz-0478","test","business","sales_customer_support","customer_support","customer_revenue_work","new","Two regions report contradictory win/loss reasons for the same product. Using the supplied CRM notes, call recordings, and pricing history, determine what is actually driving losses and what the data cannot support.","T3","synthetic_prior","high","high","large_or_complex","true","{""data_sensitivity"":""moderate"",""regulated_domain"":false,""cloud_processing_allowed"":""yes"",""data_residency_requirement"":""APAC"",""vendor_allowlist_required"":false}"
"biz-0479","development","business","it_security_admin","it_security","systems_security","v1","Design a least-privilege access model for engineers, support staff, and contractors across AWS, GitHub, and the production database.","T2","synthetic_prior","moderate_to_high","medium","medium_to_large","false","{""data_sensitivity"":""low"",""regulated_domain"":true,""cloud_processing_allowed"":""yes"",""data_residency_requirement"":""unspecified"",""vendor_allowlist_required"":true}"
"biz-0480","test","business","market_competitive_research","research_insights","research_analysis","v1","Assess the competitive landscape for expense-management service in the US Midwest. Segment competitors by business model and buyer, distinguish sourced facts from inference, and identify evidence gaps.","T2","synthetic_prior","moderate_to_high","medium","medium_to_large","true","{""data_sensitivity"":""moderate"",""regulated_domain"":false,""cloud_processing_allowed"":""yes"",""data_residency_requirement"":""US"",""vendor_allowlist_required"":false}"
"biz-0481","test","business","marketing_content","marketing","content_creation","new","Build a 50-month launch plan for enterprise buyers covering channels, owners, and review points.","T1","synthetic_prior","low_to_moderate","low_to_medium","small_to_medium","false","{""data_sensitivity"":""moderate"",""regulated_domain"":false,""cloud_processing_allowed"":""yes"",""data_residency_requirement"":""unspecified"",""vendor_allowlist_required"":false}"
"biz-0482","test","business","marketing_content","marketing","content_creation","new","Draft a 25-word email about the system maintenance.","T0","synthetic_prior","low","low","small","false","{""data_sensitivity"":""high"",""regulated_domain"":false,""cloud_processing_allowed"":""policy_check_required"",""data_residency_requirement"":""EU"",""vendor_allowlist_required"":true}"
"biz-0483","test","business","classification_extraction","operations","classification_extraction","new","Reconcile three incompatible product taxonomies from acquired companies into one extensible schema, preserving the mappings needed to keep historical reporting comparable.","T3","synthetic_prior","high","high","large_or_complex","false","{""data_sensitivity"":""low"",""regulated_domain"":false,""cloud_processing_allowed"":""yes"",""data_residency_requirement"":""EU"",""vendor_allowlist_required"":false}"
"biz-0484","test","business","business_strategy","executive_strategy","strategy_planning","new","Reconcile two business units that report support backlog differently and both claim the higher figure. Determine the defensible number and the control that prevents recurrence.","T3","synthetic_prior","high","high","large_or_complex","false","{""data_sensitivity"":""low"",""regulated_domain"":true,""cloud_processing_allowed"":""yes"",""data_residency_requirement"":""US"",""vendor_allowlist_required"":true}"
"biz-0485","test","business","classification_extraction","finance","classification_extraction","new","Classify each of these 20 expense entries into the three categories supplied, and return one label per row.","T0","synthetic_prior","low","low","small","true","{""data_sensitivity"":""low"",""regulated_domain"":false,""cloud_processing_allowed"":""yes"",""data_residency_requirement"":""unspecified"",""vendor_allowlist_required"":false}"
"biz-0486","development","business","documents_summaries","legal_compliance","document_synthesis","new","Reconcile a regulatory consultation, an internal policy manual, and an outside-counsel memo into an obligation matrix with conflicts, jurisdictional caveats, and the questions that require counsel.","T3","synthetic_prior","high","high","large_or_complex","false","{""data_sensitivity"":""moderate"",""regulated_domain"":false,""cloud_processing_allowed"":""yes"",""data_residency_requirement"":""unspecified"",""vendor_allowlist_required"":false}"
"biz-0487","test","business","market_competitive_research","research_insights","research_analysis","v1","Create a structured competitor profile from the supplied website, pricing notes, and customer-review excerpts, clearly separating facts from interpretation.","T1","synthetic_prior","low_to_moderate","low_to_medium","small_to_medium","true","{""data_sensitivity"":""low"",""regulated_domain"":false,""cloud_processing_allowed"":""yes"",""data_residency_requirement"":""US"",""vendor_allowlist_required"":false}"
"biz-0488","test","business","business_strategy","executive_strategy","strategy_planning","v1","Recommend how Harbor & Finch should allocate a fixed growth budget across retention, expansion, and new acquisition. Use the supplied unit economics and state the assumptions driving the recommendation.","T2","synthetic_prior","moderate_to_high","medium","medium_to_large","true","{""data_sensitivity"":""moderate"",""regulated_domain"":false,""cloud_processing_allowed"":""yes"",""data_residency_requirement"":""US"",""vendor_allowlist_required"":false}"
"biz-0489","test","business","business_strategy","executive_strategy","strategy_planning","v1","Advise whether Beacon Learning should sell, raise capital, or remain independent. Integrate market timing, founder objectives, dilution, competitive dynamics, and scenario-weighted enterprise value.","T3","synthetic_prior","high","high","large_or_complex","false","{""data_sensitivity"":""moderate"",""regulated_domain"":false,""cloud_processing_allowed"":""yes"",""data_residency_requirement"":""unspecified"",""vendor_allowlist_required"":false}"
"biz-0490","test","business","business_strategy","executive_strategy","strategy_planning","v1","Recommend how Beacon Learning should allocate a fixed growth budget across retention, expansion, and new acquisition. Use the supplied unit economics and state the assumptions driving the recommendation.","T2","synthetic_prior","moderate_to_high","medium","medium_to_large","true","{""data_sensitivity"":""moderate"",""regulated_domain"":false,""cloud_processing_allowed"":""yes"",""data_residency_requirement"":""EU"",""vendor_allowlist_required"":false}"
"biz-0491","test","business","market_competitive_research","research_insights","research_analysis","new","Assess the competitive landscape for expense-management service in North America, separating sourced facts from inference and naming the evidence gaps.","T2","synthetic_prior","moderate_to_high","medium","medium_to_large","true","{""data_sensitivity"":""moderate"",""regulated_domain"":false,""cloud_processing_allowed"":""yes"",""data_residency_requirement"":""unspecified"",""vendor_allowlist_required"":false}"
"biz-0492","test","business","marketing_content","marketing","content_creation","v1","Write five concise LinkedIn captions announcing a webinar for procurement marketplace. Avoid emojis and exaggerated claims.","T0","synthetic_prior","low","low","small","false","{""data_sensitivity"":""low"",""regulated_domain"":false,""cloud_processing_allowed"":""yes"",""data_residency_requirement"":""unspecified"",""vendor_allowlist_required"":false}"
"biz-0493","test","business","data_spreadsheets","finance","data_analysis","v1","Design a driver-based annual budget model for Clearwater Financial, including assumptions, formulas, scenario toggles, and checks that catch broken links.","T2","synthetic_prior","moderate_to_high","medium","medium_to_large","false","{""data_sensitivity"":""high"",""regulated_domain"":false,""cloud_processing_allowed"":""policy_check_required"",""data_residency_requirement"":""EU"",""vendor_allowlist_required"":true}"
"biz-0494","test","business","software_engineering","engineering","software_delivery","v1","Audit a security-sensitive authentication redesign across application code, infrastructure, session lifecycle, and incident rollback. Produce concrete patches and adversarial tests.","T3","synthetic_prior","high","high","large_or_complex","true","{""data_sensitivity"":""low"",""regulated_domain"":false,""cloud_processing_allowed"":""yes"",""data_residency_requirement"":""EU"",""vendor_allowlist_required"":false}"
"biz-0495","test","business","presentations","people_hr","presentation_creation","v1","Create a customer-training deck outline for employee scheduling app, including setup, core workflow, common mistakes, and support resources.","T1","synthetic_prior","low_to_moderate","low_to_medium","small_to_medium","true","{""data_sensitivity"":""low"",""regulated_domain"":false,""cloud_processing_allowed"":""yes"",""data_residency_requirement"":""APAC"",""vendor_allowlist_required"":false}"
"biz-0496","test","business","sales_customer_support","sales","customer_revenue_work","v1","Create a discovery-call question set for an operations director evaluating learning-management platform, organized by workflow, impact, decision process, and timing.","T1","synthetic_prior","low_to_moderate","low_to_medium","small_to_medium","false","{""data_sensitivity"":""low"",""regulated_domain"":true,""cloud_processing_allowed"":""yes"",""data_residency_requirement"":""EU"",""vendor_allowlist_required"":true}"
"biz-0497","test","business","business_strategy","executive_strategy","strategy_planning","v1","Recommend how Cedar Health should allocate a fixed growth budget across retention, expansion, and new acquisition. Use the supplied unit economics and state the assumptions driving the recommendation.","T2","synthetic_prior","moderate_to_high","medium","medium_to_large","true","{""data_sensitivity"":""low"",""regulated_domain"":false,""cloud_processing_allowed"":""yes"",""data_residency_requirement"":""unspecified"",""vendor_allowlist_required"":false}"
"biz-0498","test","business","presentations","sales","presentation_creation","v1","Turn this memo into speaker notes for a five-minute presentation to prospective customers.","T0","synthetic_prior","low","low","small","false","{""data_sensitivity"":""high"",""regulated_domain"":false,""cloud_processing_allowed"":""policy_check_required"",""data_residency_requirement"":""unspecified"",""vendor_allowlist_required"":true}"
"biz-0499","test","business","presentations","executive_strategy","presentation_creation","v1","Build a workshop deck for the board introducing a new operating model. Include exercises, facilitator notes, likely objections, and a concrete close.","T2","synthetic_prior","moderate_to_high","medium","medium_to_large","false","{""data_sensitivity"":""low"",""regulated_domain"":false,""cloud_processing_allowed"":""yes"",""data_residency_requirement"":""EU"",""vendor_allowlist_required"":false}"
"biz-0500","test","business","people_finance_legal_ops","people_hr","corporate_operations","v1","Develop an operating response to a regulatory investigation that affects product, communications, employee conduct, document preservation, and customer commitments. Separate business recommendations from legal decisions.","T3","synthetic_prior","high","high","large_or_complex","false","{""data_sensitivity"":""low"",""regulated_domain"":false,""cloud_processing_allowed"":""yes"",""data_residency_requirement"":""EU"",""vendor_allowlist_required"":false}"
"biz-0501","test","business","email_communication","legal_compliance","communication_drafting","v1","Prepare crisis communications after a service outage affected regulated customers in three countries. Produce internal, customer, regulator, and public versions that remain factually consistent despite different disclosure needs.","T3","synthetic_prior","high","high","large_or_complex","false","{""data_sensitivity"":""low"",""regulated_domain"":false,""cloud_processing_allowed"":""yes"",""data_residency_requirement"":""EU"",""vendor_allowlist_required"":false}"
"biz-0502","development","business","marketing_content","marketing","content_creation","v1","Write a landing-page draft for inventory planning platform using the supplied positioning, proof points, and prohibited-claims list.","T1","synthetic_prior","low_to_moderate","low_to_medium","small_to_medium","true","{""data_sensitivity"":""low"",""regulated_domain"":false,""cloud_processing_allowed"":""yes"",""data_residency_requirement"":""unspecified"",""vendor_allowlist_required"":false}"
"biz-0503","development","business","market_competitive_research","research_insights","research_analysis","v1","Estimate a defensible TAM, SAM, and SOM range for a professional services product using the supplied source set, showing assumptions and avoiding double-counting.","T2","synthetic_prior","moderate_to_high","medium","medium_to_large","true","{""data_sensitivity"":""low"",""regulated_domain"":false,""cloud_processing_allowed"":""yes"",""data_residency_requirement"":""unspecified"",""vendor_allowlist_required"":false}"
"biz-0504","test","business","data_spreadsheets","finance","data_analysis","new","Write a Java formula that flags a row when gross margin falls below the target in column F.","T0","synthetic_prior","low","low","small","false","{""data_sensitivity"":""moderate"",""regulated_domain"":false,""cloud_processing_allowed"":""yes"",""data_residency_requirement"":""US"",""vendor_allowlist_required"":false}"
"biz-0505","test","business","data_spreadsheets","analytics","data_analysis","new","Write a SQL query that returns on-time delivery by region for the last 20 days.","T0","synthetic_prior","low","low","small","false","{""data_sensitivity"":""low"",""regulated_domain"":false,""cloud_processing_allowed"":""yes"",""data_residency_requirement"":""unspecified"",""vendor_allowlist_required"":false}"
"biz-0506","development","business","product_design","product","product_definition","new","Define a new 0-to-1 product for an underserved workflow using fragmented research. Produce the opportunity thesis, system model, wedge, principles, failure modes, and validation sequence.","T3","synthetic_prior","high","high","large_or_complex","false","{""data_sensitivity"":""low"",""regulated_domain"":true,""cloud_processing_allowed"":""yes"",""data_residency_requirement"":""unspecified"",""vendor_allowlist_required"":true}"
"biz-0507","test","business","business_strategy","executive_strategy","strategy_planning","v1","Recommend how Northstar Logistics should allocate a fixed growth budget across retention, expansion, and new acquisition. Use the supplied unit economics and state the assumptions driving the recommendation.","T2","synthetic_prior","moderate_to_high","medium","medium_to_large","true","{""data_sensitivity"":""high"",""regulated_domain"":false,""cloud_processing_allowed"":""policy_check_required"",""data_residency_requirement"":""unspecified"",""vendor_allowlist_required"":true}"
"biz-0508","test","business","sales_customer_support","customer_support","customer_revenue_work","new","Develop an enterprise account strategy for a regulated banking customer from two years of calls, tickets, and contract history. Model stakeholder incentives and failure modes.","T3","synthetic_prior","high","high","large_or_complex","false","{""data_sensitivity"":""low"",""regulated_domain"":false,""cloud_processing_allowed"":""yes"",""data_residency_requirement"":""unspecified"",""vendor_allowlist_required"":false}"
"biz-0509","development","business","software_engineering","engineering","software_delivery","v1","Trace a production data-corruption bug across a distributed Python and FastAPI system using partial logs, retries, asynchronous consumers, and a recent schema migration. Identify the most plausible causal chain and safe recovery plan.","T3","synthetic_prior","high","high","large_or_complex","true","{""data_sensitivity"":""low"",""regulated_domain"":false,""cloud_processing_allowed"":""yes"",""data_residency_requirement"":""US"",""vendor_allowlist_required"":false}"
"biz-0510","test","business","business_strategy","executive_strategy","strategy_planning","v1","Create a SWOT table from the supplied notes. Do not add facts that are not present.","T0","synthetic_prior","low","low","small","true","{""data_sensitivity"":""low"",""regulated_domain"":true,""cloud_processing_allowed"":""yes"",""data_residency_requirement"":""US"",""vendor_allowlist_required"":true}"
"biz-0511","test","business","people_finance_legal_ops","people_hr","corporate_operations","v1","Model a restructuring that must reduce cost while preserving critical capabilities, meeting jurisdiction-specific consultation duties, and avoiding hidden single points of failure. Provide scenarios for leadership and questions for counsel.","T3","synthetic_prior","high","high","large_or_complex","false","{""data_sensitivity"":""low"",""regulated_domain"":false,""cloud_processing_allowed"":""yes"",""data_residency_requirement"":""unspecified"",""vendor_allowlist_required"":false}"
"biz-0512","test","business","sales_customer_support","sales","customer_revenue_work","new","Create a discovery-call question set for a people partner evaluating procurement marketplace, organized by workflow, impact, decision process, and timing.","T1","synthetic_prior","low_to_moderate","low_to_medium","small_to_medium","false","{""data_sensitivity"":""low"",""regulated_domain"":true,""cloud_processing_allowed"":""yes"",""data_residency_requirement"":""US"",""vendor_allowlist_required"":true}"
"biz-0513","test","business","marketing_content","marketing","content_creation","new","Reposition a mature expense-management service whose category is commoditizing, using win/loss research and competitor claims, and identify the claims we cannot support.","T3","synthetic_prior","high","high","large_or_complex","false","{""data_sensitivity"":""high"",""regulated_domain"":true,""cloud_processing_allowed"":""policy_check_required"",""data_residency_requirement"":""US"",""vendor_allowlist_required"":true}"
"biz-0514","test","business","it_security_admin","it_security","systems_security","new","Translate this change request for the production database into an implementation checklist with source, destination, owner, test, and rollback.","T1","synthetic_prior","low_to_moderate","low_to_medium","small_to_medium","true","{""data_sensitivity"":""low"",""regulated_domain"":false,""cloud_processing_allowed"":""yes"",""data_residency_requirement"":""US"",""vendor_allowlist_required"":false}"
"biz-0515","development","business","marketing_content","marketing","content_creation","v1","Write a campaign brief for launching in North America, adapting the positioning to the market while preserving the global brand constraints.","T2","synthetic_prior","moderate_to_high","medium","medium_to_large","false","{""data_sensitivity"":""low"",""regulated_domain"":false,""cloud_processing_allowed"":""yes"",""data_residency_requirement"":""EU"",""vendor_allowlist_required"":false}"
"biz-0516","test","business","product_design","product","product_definition","v1","Define a new 0→1 product for an underserved workflow using fragmented research. Produce the opportunity thesis, system model, wedge, product principles, failure modes, and validation sequence.","T3","synthetic_prior","high","high","large_or_complex","false","{""data_sensitivity"":""high"",""regulated_domain"":true,""cloud_processing_allowed"":""policy_check_required"",""data_residency_requirement"":""EU"",""vendor_allowlist_required"":true}"
"biz-0517","test","business","marketing_content","marketing","content_creation","v1","Create a one-week social posting calendar from these three approved campaign messages.","T0","synthetic_prior","low","low","small","false","{""data_sensitivity"":""high"",""regulated_domain"":false,""cloud_processing_allowed"":""policy_check_required"",""data_residency_requirement"":""unspecified"",""vendor_allowlist_required"":true}"
"biz-0518","test","business","meetings_collaboration","operations","meeting_synthesis","v1","Analyze a merger-integration workshop with conflicting stakeholder accounts. Reconstruct the strongest defensible version of the operating decision and identify what must be confirmed before execution.","T3","synthetic_prior","high","high","large_or_complex","false","{""data_sensitivity"":""moderate"",""regulated_domain"":true,""cloud_processing_allowed"":""yes"",""data_residency_requirement"":""unspecified"",""vendor_allowlist_required"":true}"
"biz-0519","development","business","business_strategy","executive_strategy","strategy_planning","v1","Turn the supplied leadership notes into three coherent annual priorities, supporting initiatives, measures, and explicit non-priorities.","T1","synthetic_prior","low_to_moderate","low_to_medium","small_to_medium","true","{""data_sensitivity"":""low"",""regulated_domain"":false,""cloud_processing_allowed"":""yes"",""data_residency_requirement"":""US"",""vendor_allowlist_required"":false}"
"biz-0520","test","business","market_competitive_research","research_insights","research_analysis","new","Build a market-sizing worksheet from the supplied customer counts and spending assumptions, showing low, base, and high cases.","T1","synthetic_prior","low_to_moderate","low_to_medium","small_to_medium","true","{""data_sensitivity"":""moderate"",""regulated_domain"":false,""cloud_processing_allowed"":""yes"",""data_residency_requirement"":""unspecified"",""vendor_allowlist_required"":false}"
"biz-0521","test","business","marketing_content","marketing","content_creation","new","Write a positioning memo for inventory planning platform using the supplied positioning, proof points, and prohibited claims.","T1","synthetic_prior","low_to_moderate","low_to_medium","small_to_medium","true","{""data_sensitivity"":""low"",""regulated_domain"":false,""cloud_processing_allowed"":""yes"",""data_residency_requirement"":""unspecified"",""vendor_allowlist_required"":false}"
"biz-0522","test","business","documents_summaries","people_hr","document_synthesis","new","Summarize this meeting summary in three bullets for new employees.","T0","synthetic_prior","low","low","small","false","{""data_sensitivity"":""low"",""regulated_domain"":false,""cloud_processing_allowed"":""yes"",""data_residency_requirement"":""US"",""vendor_allowlist_required"":false}"
"biz-0523","test","business","business_strategy","executive_strategy","strategy_planning","new","Advise whether Northstar Logistics should build, buy, or partner for customer data access, weighing control, speed, integration risk, and the scenario in which each choice fails.","T3","synthetic_prior","high","high","large_or_complex","false","{""data_sensitivity"":""moderate"",""regulated_domain"":true,""cloud_processing_allowed"":""yes"",""data_residency_requirement"":""US"",""vendor_allowlist_required"":true}"
"biz-0524","test","business","presentations","people_hr","presentation_creation","v1","Create a customer-training deck outline for inventory planning platform, including setup, core workflow, common mistakes, and support resources.","T1","synthetic_prior","low_to_moderate","low_to_medium","small_to_medium","true","{""data_sensitivity"":""low"",""regulated_domain"":true,""cloud_processing_allowed"":""yes"",""data_residency_requirement"":""unspecified"",""vendor_allowlist_required"":true}"
"biz-0525","development","business","documents_summaries","legal_compliance","document_synthesis","v1","Compare these two versions of a vendor agreement and explain material changes in obligations, termination, pricing, and data handling. Do not provide legal advice.","T2","synthetic_prior","moderate_to_high","medium","medium_to_large","false","{""data_sensitivity"":""low"",""regulated_domain"":false,""cloud_processing_allowed"":""yes"",""data_residency_requirement"":""EU"",""vendor_allowlist_required"":false}"
"biz-0526","test","business","documents_summaries","general_administration","document_synthesis","new","Summarize this meeting summary in three bullets for a skeptical CFO.","T0","synthetic_prior","low","low","small","false","{""data_sensitivity"":""moderate"",""regulated_domain"":true,""cloud_processing_allowed"":""yes"",""data_residency_requirement"":""EU"",""vendor_allowlist_required"":true}"
"biz-0527","test","business","marketing_content","marketing","content_creation","v1","Develop messaging pillars for employee scheduling app aimed at three buyer roles. Give each role a problem, promise, proof point, and objection response.","T2","synthetic_prior","moderate_to_high","medium","medium_to_large","false","{""data_sensitivity"":""moderate"",""regulated_domain"":false,""cloud_processing_allowed"":""yes"",""data_residency_requirement"":""EU"",""vendor_allowlist_required"":false}"
"biz-0528","test","business","software_engineering","engineering","software_delivery","new","Split this billing module into focused files without changing behavior, and add tests for the extracted parts.","T1","synthetic_prior","low_to_moderate","low_to_medium","small_to_medium","false","{""data_sensitivity"":""low"",""regulated_domain"":false,""cloud_processing_allowed"":""yes"",""data_residency_requirement"":""unspecified"",""vendor_allowlist_required"":false}"
"biz-0529","test","business","presentations","people_hr","presentation_creation","v1","Restructure this 24-slide product presentation into a persuasive 10-slide story for new employees, preserving evidence and removing redundant claims.","T2","synthetic_prior","moderate_to_high","medium","medium_to_large","false","{""data_sensitivity"":""low"",""regulated_domain"":false,""cloud_processing_allowed"":""yes"",""data_residency_requirement"":""EU"",""vendor_allowlist_required"":false}"
"biz-0530","development","business","classification_extraction","operations","classification_extraction","v1","Deduplicate this list of supplier names, preserving the original values and adding a canonical name column.","T0","synthetic_prior","low","low","small","false","{""data_sensitivity"":""low"",""regulated_domain"":false,""cloud_processing_allowed"":""yes"",""data_residency_requirement"":""EU"",""vendor_allowlist_required"":false}"
"biz-0531","development","business","meetings_collaboration","operations","meeting_synthesis","v1","Prepare a facilitator guide for a one-hour retrospective with prompts, time boxes, and a method for turning themes into actions.","T1","synthetic_prior","low_to_moderate","low_to_medium","small_to_medium","false","{""data_sensitivity"":""low"",""regulated_domain"":false,""cloud_processing_allowed"":""yes"",""data_residency_requirement"":""unspecified"",""vendor_allowlist_required"":false}"
"biz-0532","test","business","email_communication","finance","communication_drafting","v1","Rewrite this email to be plainspoken and professional, keeping it under 120 words: “Hi team, just reminding everyone that expense reports need to be submitted by Friday. Late reports delay the close.”","T0","synthetic_prior","low","low","small","true","{""data_sensitivity"":""low"",""regulated_domain"":false,""cloud_processing_allowed"":""yes"",""data_residency_requirement"":""unspecified"",""vendor_allowlist_required"":false}"
"biz-0533","test","business","sales_customer_support","sales","customer_revenue_work","new","Create a discovery-call question set for a security engineer evaluating warehouse analytics product, organized by workflow, impact, decision process, and timing.","T1","synthetic_prior","low_to_moderate","low_to_medium","small_to_medium","false","{""data_sensitivity"":""low"",""regulated_domain"":true,""cloud_processing_allowed"":""yes"",""data_residency_requirement"":""US"",""vendor_allowlist_required"":true}"
"biz-0534","test","business","market_competitive_research","research_insights","research_analysis","new","Form an investment-grade market thesis for the mid-market from conflicting analyst reports and incomplete private data, and design the tests that would disconfirm it.","T3","synthetic_prior","high","high","large_or_complex","true","{""data_sensitivity"":""high"",""regulated_domain"":false,""cloud_processing_allowed"":""policy_check_required"",""data_residency_requirement"":""unspecified"",""vendor_allowlist_required"":true}"
"biz-0535","development","business","data_spreadsheets","analytics","data_analysis","new","Convert these MM/DD/YYYY dates into YYYY-MM-DD.","T0","synthetic_prior","low","low","small","false","{""data_sensitivity"":""moderate"",""regulated_domain"":false,""cloud_processing_allowed"":""yes"",""data_residency_requirement"":""APAC"",""vendor_allowlist_required"":false}"
"biz-0536","test","business","sales_customer_support","sales","customer_revenue_work","new","Create a discovery-call question set for a procurement manager evaluating employee scheduling app, organized by workflow, impact, decision process, and timing.","T1","synthetic_prior","low_to_moderate","low_to_medium","small_to_medium","false","{""data_sensitivity"":""high"",""regulated_domain"":true,""cloud_processing_allowed"":""policy_check_required"",""data_residency_requirement"":""unspecified"",""vendor_allowlist_required"":true}"
"biz-0537","test","business","data_spreadsheets","analytics","data_analysis","new","Write a TypeScript formula that flags a row when inventory turns falls below the target in column F.","T0","synthetic_prior","low","low","small","false","{""data_sensitivity"":""low"",""regulated_domain"":true,""cloud_processing_allowed"":""yes"",""data_residency_requirement"":""unspecified"",""vendor_allowlist_required"":true}"
"biz-0538","test","business","software_engineering","engineering","software_delivery","new","Diagnose the intermittent duplicate-job in the webhook dispatcher from the supplied code and logs, and propose a minimal fix with tests and rollout safeguards.","T2","synthetic_prior","moderate_to_high","medium","medium_to_large","true","{""data_sensitivity"":""low"",""regulated_domain"":true,""cloud_processing_allowed"":""yes"",""data_residency_requirement"":""unspecified"",""vendor_allowlist_required"":true}"
"biz-0539","test","business","email_communication","executive_strategy","communication_drafting","v1","Turn these rough notes into a concise weekly leadership update with wins, risks, decisions needed, and next-week priorities.","T1","synthetic_prior","low_to_moderate","low_to_medium","small_to_medium","false","{""data_sensitivity"":""moderate"",""regulated_domain"":false,""cloud_processing_allowed"":""yes"",""data_residency_requirement"":""US"",""vendor_allowlist_required"":false}"
"biz-0540","test","business","product_design","product","product_definition","new","Define a 0-to-1 product for the procurement approval workflow using fragmented research, with an opportunity thesis, wedge, principles, failure modes, and validation sequence.","T3","synthetic_prior","high","high","large_or_complex","false","{""data_sensitivity"":""low"",""regulated_domain"":false,""cloud_processing_allowed"":""yes"",""data_residency_requirement"":""APAC"",""vendor_allowlist_required"":false}"
"biz-0541","test","business","sales_customer_support","sales","customer_revenue_work","v1","Create a discovery-call question set for an operations director evaluating employee scheduling app, organized by workflow, impact, decision process, and timing.","T1","synthetic_prior","low_to_moderate","low_to_medium","small_to_medium","false","{""data_sensitivity"":""low"",""regulated_domain"":false,""cloud_processing_allowed"":""yes"",""data_residency_requirement"":""US"",""vendor_allowlist_required"":false}"
"biz-0542","test","business","software_engineering","engineering","software_delivery","new","Trace a production data-corruption bug across the ingestion pipeline and the schedule optimizer using partial logs, retries, and a recent migration. Identify the most plausible causal chain and a safe recovery plan.","T3","synthetic_prior","high","high","large_or_complex","true","{""data_sensitivity"":""low"",""regulated_domain"":true,""cloud_processing_allowed"":""yes"",""data_residency_requirement"":""unspecified"",""vendor_allowlist_required"":true}"
"biz-0543","test","business","documents_summaries","legal_compliance","document_synthesis","new","Reconcile the outside-counsel memo, the customer thread, and the board minutes into an obligation matrix with conflicts, jurisdictional caveats, and questions for counsel.","T3","synthetic_prior","high","high","large_or_complex","true","{""data_sensitivity"":""moderate"",""regulated_domain"":false,""cloud_processing_allowed"":""yes"",""data_residency_requirement"":""unspecified"",""vendor_allowlist_required"":false}"
"biz-0544","test","business","software_engineering","engineering","software_delivery","new","Write a migration for Ruby on Rails that adds a nullable status column, backfills it in batches, and includes a safe rollback.","T1","synthetic_prior","low_to_moderate","low_to_medium","small_to_medium","false","{""data_sensitivity"":""low"",""regulated_domain"":false,""cloud_processing_allowed"":""yes"",""data_residency_requirement"":""US"",""vendor_allowlist_required"":false}"
"biz-0545","test","business","sales_customer_support","customer_support","customer_revenue_work","new","Create a discovery-call question set for a support lead evaluating employee scheduling app, organized by workflow, impact, decision process, and timing.","T1","synthetic_prior","low_to_moderate","low_to_medium","small_to_medium","false","{""data_sensitivity"":""moderate"",""regulated_domain"":false,""cloud_processing_allowed"":""yes"",""data_residency_requirement"":""US"",""vendor_allowlist_required"":false}"
"biz-0546","test","business","market_competitive_research","research_insights","research_analysis","new","Assess the competitive landscape for inventory planning platform in DACH, segmenting competitors by business model and buyer, distinguishing sourced facts from inference, and naming the evidence gaps.","T2","synthetic_prior","moderate_to_high","medium","medium_to_large","true","{""data_sensitivity"":""low"",""regulated_domain"":true,""cloud_processing_allowed"":""yes"",""data_residency_requirement"":""EU"",""vendor_allowlist_required"":true}"
"biz-0547","test","business","marketing_content","marketing","content_creation","v1","Generate ten headline options for a landing page aimed at operations managers.","T0","synthetic_prior","low","low","small","false","{""data_sensitivity"":""low"",""regulated_domain"":false,""cloud_processing_allowed"":""yes"",""data_residency_requirement"":""US"",""vendor_allowlist_required"":false}"
"biz-0548","test","business","sales_customer_support","sales","customer_revenue_work","new","Create a discovery-call question set for a finance manager evaluating employee scheduling app, organized by workflow, impact, decision process, and timing.","T1","synthetic_prior","low_to_moderate","low_to_medium","small_to_medium","false","{""data_sensitivity"":""low"",""regulated_domain"":false,""cloud_processing_allowed"":""yes"",""data_residency_requirement"":""unspecified"",""vendor_allowlist_required"":false}"
"biz-0549","test","business","presentations","executive_strategy","presentation_creation","v1","Turn a mixed set of spreadsheets, interviews, and market reports into a coherent strategy deck with an auditable claim-to-source map and explicit alternative interpretations.","T3","synthetic_prior","high","high","large_or_complex","true","{""data_sensitivity"":""high"",""regulated_domain"":false,""cloud_processing_allowed"":""policy_check_required"",""data_residency_requirement"":""unspecified"",""vendor_allowlist_required"":true}"
"biz-0550","test","business","software_engineering","engineering","software_delivery","new","Diagnose the intermittent timeout in the audit logger from the supplied code and logs, and propose a minimal fix with tests and rollout safeguards.","T2","synthetic_prior","moderate_to_high","medium","medium_to_large","true","{""data_sensitivity"":""moderate"",""regulated_domain"":false,""cloud_processing_allowed"":""yes"",""data_residency_requirement"":""EU"",""vendor_allowlist_required"":false}"
"biz-0551","test","business","it_security_admin","it_security","systems_security","new","Translate this change request for Terraform into an implementation checklist with source, destination, owner, test, and rollback.","T1","synthetic_prior","low_to_moderate","low_to_medium","small_to_medium","true","{""data_sensitivity"":""low"",""regulated_domain"":true,""cloud_processing_allowed"":""yes"",""data_residency_requirement"":""EU"",""vendor_allowlist_required"":true}"
"biz-0552","test","business","data_spreadsheets","analytics","data_analysis","new","Turn the the audit findings into a column-by-column cleaning plan with validation rules, deduplication logic, and the exceptions that need a human decision.","T1","synthetic_prior","low_to_moderate","low_to_medium","small_to_medium","false","{""data_sensitivity"":""low"",""regulated_domain"":true,""cloud_processing_allowed"":""yes"",""data_residency_requirement"":""EU"",""vendor_allowlist_required"":true}"
"biz-0553","test","business","software_engineering","engineering","software_delivery","new","Split this ingestion module into focused files without changing behavior, and add tests for the extracted parts.","T1","synthetic_prior","low_to_moderate","low_to_medium","small_to_medium","false","{""data_sensitivity"":""moderate"",""regulated_domain"":true,""cloud_processing_allowed"":""yes"",""data_residency_requirement"":""unspecified"",""vendor_allowlist_required"":true}"
"biz-0554","development","business","people_finance_legal_ops","operations","corporate_operations","new","Design a vendor-selection process with weighted criteria, conflict-of-interest controls, a pilot design, and a defensible decision record.","T2","synthetic_prior","moderate_to_high","medium","medium_to_large","false","{""data_sensitivity"":""low"",""regulated_domain"":false,""cloud_processing_allowed"":""yes"",""data_residency_requirement"":""unspecified"",""vendor_allowlist_required"":false}"
"biz-0555","test","business","documents_summaries","legal_compliance","document_synthesis","new","Rewrite this policy so a new employee can follow it, keeping every step in order.","T0","synthetic_prior","low","low","small","false","{""data_sensitivity"":""low"",""regulated_domain"":false,""cloud_processing_allowed"":""yes"",""data_residency_requirement"":""US"",""vendor_allowlist_required"":false}"
"biz-0556","test","business","business_strategy","executive_strategy","strategy_planning","new","Advise whether Redwood Manufacturing should build, buy, or partner for regulatory reporting, weighing control, speed, integration risk, and the scenario in which each choice fails.","T3","synthetic_prior","high","high","large_or_complex","false","{""data_sensitivity"":""low"",""regulated_domain"":false,""cloud_processing_allowed"":""yes"",""data_residency_requirement"":""unspecified"",""vendor_allowlist_required"":false}"
"biz-0557","test","business","meetings_collaboration","operations","meeting_synthesis","new","Turn these 50 meeting notes into an action plan with owners, dates, and dependencies.","T1","synthetic_prior","low_to_moderate","low_to_medium","small_to_medium","false","{""data_sensitivity"":""moderate"",""regulated_domain"":true,""cloud_processing_allowed"":""yes"",""data_residency_requirement"":""unspecified"",""vendor_allowlist_required"":true}"
"biz-0558","test","business","business_strategy","executive_strategy","strategy_planning","v1","Advise whether Northstar Logistics should sell, raise capital, or remain independent. Integrate market timing, founder objectives, dilution, competitive dynamics, and scenario-weighted enterprise value.","T3","synthetic_prior","high","high","large_or_complex","false","{""data_sensitivity"":""moderate"",""regulated_domain"":true,""cloud_processing_allowed"":""yes"",""data_residency_requirement"":""APAC"",""vendor_allowlist_required"":true}"
"biz-0559","test","business","presentations","people_hr","presentation_creation","v1","Create a customer-training deck outline for telehealth portal, including setup, core workflow, common mistakes, and support resources.","T1","synthetic_prior","low_to_moderate","low_to_medium","small_to_medium","true","{""data_sensitivity"":""low"",""regulated_domain"":true,""cloud_processing_allowed"":""yes"",""data_residency_requirement"":""EU"",""vendor_allowlist_required"":true}"
"biz-0560","development","business","classification_extraction","legal_compliance","classification_extraction","new","Extract the notice period, renewal date, liability cap, and governing law from each of these 30 contract summaries into one JSON schema, using null when a field is absent.","T1","synthetic_prior","low_to_moderate","low_to_medium","small_to_medium","false","{""data_sensitivity"":""low"",""regulated_domain"":true,""cloud_processing_allowed"":""yes"",""data_residency_requirement"":""EU"",""vendor_allowlist_required"":true}"
"biz-0561","test","business","email_communication","sales","communication_drafting","v1","Write three subject-line options for an email inviting prospective customers to a 30-minute product demo.","T0","synthetic_prior","low","low","small","false","{""data_sensitivity"":""low"",""regulated_domain"":true,""cloud_processing_allowed"":""yes"",""data_residency_requirement"":""EU"",""vendor_allowlist_required"":true}"
"biz-0562","test","business","documents_summaries","general_administration","document_synthesis","new","Summarize this data-processing agreement into an action plan covering scope, fees, assumptions, exclusions, and open questions.","T1","synthetic_prior","low_to_moderate","low_to_medium","small_to_medium","false","{""data_sensitivity"":""low"",""regulated_domain"":false,""cloud_processing_allowed"":""yes"",""data_residency_requirement"":""unspecified"",""vendor_allowlist_required"":false}"
"biz-0563","test","business","market_competitive_research","research_insights","research_analysis","new","Assess the competitive landscape for warehouse analytics product in the US Midwest, separating sourced facts from inference and naming the evidence gaps.","T2","synthetic_prior","moderate_to_high","medium","medium_to_large","true","{""data_sensitivity"":""low"",""regulated_domain"":false,""cloud_processing_allowed"":""yes"",""data_residency_requirement"":""US"",""vendor_allowlist_required"":false}"
"biz-0564","test","business","people_finance_legal_ops","people_hr","corporate_operations","new","Model a restructuring that must cut cost while preserving regulatory reporting, meeting France consultation duties, and avoiding hidden single points of failure.","T3","synthetic_prior","high","high","large_or_complex","false","{""data_sensitivity"":""moderate"",""regulated_domain"":false,""cloud_processing_allowed"":""yes"",""data_residency_requirement"":""unspecified"",""vendor_allowlist_required"":false}"
"biz-0565","test","business","data_spreadsheets","analytics","data_analysis","new","Turn the the usage data into a column-by-column cleaning plan with validation rules, deduplication logic, and the exceptions that need a human decision.","T1","synthetic_prior","low_to_moderate","low_to_medium","small_to_medium","false","{""data_sensitivity"":""moderate"",""regulated_domain"":false,""cloud_processing_allowed"":""yes"",""data_residency_requirement"":""US"",""vendor_allowlist_required"":false}"
"biz-0566","test","business","software_engineering","engineering","software_delivery","new","Trace a production data-corruption bug across the recommendation engine using partial logs, retries, asynchronous consumers, and a recent schema migration. Identify the most plausible causal chain and a safe recovery plan.","T3","synthetic_prior","high","high","large_or_complex","true","{""data_sensitivity"":""moderate"",""regulated_domain"":false,""cloud_processing_allowed"":""yes"",""data_residency_requirement"":""unspecified"",""vendor_allowlist_required"":false}"
"biz-0567","test","business","data_spreadsheets","analytics","data_analysis","new","Review this monthly finance pack and write commentary on material movements and the figures most likely to be misread.","T1","synthetic_prior","low_to_moderate","low_to_medium","small_to_medium","false","{""data_sensitivity"":""low"",""regulated_domain"":true,""cloud_processing_allowed"":""yes"",""data_residency_requirement"":""EU"",""vendor_allowlist_required"":true}"
"biz-0568","test","business","software_engineering","engineering","software_delivery","new","Add a docstring and one usage example to the Java function below.","T0","synthetic_prior","low","low","small","false","{""data_sensitivity"":""moderate"",""regulated_domain"":false,""cloud_processing_allowed"":""yes"",""data_residency_requirement"":""unspecified"",""vendor_allowlist_required"":false}"
"biz-0569","test","business","software_engineering","engineering","software_delivery","v1","Diagnose an intermittent duplicate-job bug in a Next.js and Supabase service from the supplied code and logs. Propose a minimal fix, tests, and rollout safeguards.","T2","synthetic_prior","moderate_to_high","medium","medium_to_large","true","{""data_sensitivity"":""moderate"",""regulated_domain"":false,""cloud_processing_allowed"":""yes"",""data_residency_requirement"":""unspecified"",""vendor_allowlist_required"":false}"
"biz-0570","test","business","data_spreadsheets","finance","data_analysis","v1","Design a spreadsheet tracker for projects, owners, milestones, budget, risks, and status, with formulas for overdue and at-risk work.","T1","synthetic_prior","low_to_moderate","low_to_medium","small_to_medium","false","{""data_sensitivity"":""moderate"",""regulated_domain"":true,""cloud_processing_allowed"":""yes"",""data_residency_requirement"":""EU"",""vendor_allowlist_required"":true}"
"biz-0571","test","business","business_strategy","executive_strategy","strategy_planning","new","Evaluate three supplied expansion markets for Aperture Labs using the attached unit economics, and recommend a sequencing with leading indicators and stop conditions.","T2","synthetic_prior","moderate_to_high","medium","medium_to_large","true","{""data_sensitivity"":""low"",""regulated_domain"":true,""cloud_processing_allowed"":""yes"",""data_residency_requirement"":""EU"",""vendor_allowlist_required"":true}"
"biz-0572","test","business","meetings_collaboration","operations","meeting_synthesis","v1","List the unanswered questions in these notes and separate them from decisions already made.","T0","synthetic_prior","low","low","small","false","{""data_sensitivity"":""moderate"",""regulated_domain"":false,""cloud_processing_allowed"":""yes"",""data_residency_requirement"":""unspecified"",""vendor_allowlist_required"":false}"
"biz-0573","development","business","marketing_content","marketing","content_creation","new","Reposition a mature product whose category is commoditizing. Using the supplied win/loss research, roadmap, and competitor claims, propose a defensible category narrative and identify the claims we cannot support.","T3","synthetic_prior","high","high","large_or_complex","true","{""data_sensitivity"":""low"",""regulated_domain"":false,""cloud_processing_allowed"":""yes"",""data_residency_requirement"":""US"",""vendor_allowlist_required"":false}"
"biz-0574","test","business","people_finance_legal_ops","people_hr","corporate_operations","v1","Draft a concise job description for an operations analyst, including responsibilities, required skills, and success measures.","T0","synthetic_prior","low","low","small","false","{""data_sensitivity"":""high"",""regulated_domain"":false,""cloud_processing_allowed"":""policy_check_required"",""data_residency_requirement"":""unspecified"",""vendor_allowlist_required"":true}"
"biz-0575","test","business","marketing_content","marketing","content_creation","new","Develop messaging pillars for learning-management platform across three buyer roles, giving each role a problem, a promise, a proof point, and an objection response.","T2","synthetic_prior","moderate_to_high","medium","medium_to_large","false","{""data_sensitivity"":""moderate"",""regulated_domain"":false,""cloud_processing_allowed"":""yes"",""data_residency_requirement"":""unspecified"",""vendor_allowlist_required"":false}"
"biz-0576","test","business","documents_summaries","general_administration","document_synthesis","new","Summarize this vendor proposal into a recommendation with options covering scope, fees, assumptions, exclusions, and open questions.","T1","synthetic_prior","low_to_moderate","low_to_medium","small_to_medium","false","{""data_sensitivity"":""low"",""regulated_domain"":false,""cloud_processing_allowed"":""yes"",""data_residency_requirement"":""unspecified"",""vendor_allowlist_required"":false}"
"biz-0577","test","business","it_security_admin","it_security","systems_security","new","Translate this change request for Kubernetes into an implementation checklist with source, destination, owner, test, and rollback.","T1","synthetic_prior","low_to_moderate","low_to_medium","small_to_medium","true","{""data_sensitivity"":""low"",""regulated_domain"":true,""cloud_processing_allowed"":""yes"",""data_residency_requirement"":""unspecified"",""vendor_allowlist_required"":true}"
"biz-0578","test","business","meetings_collaboration","executive_strategy","meeting_synthesis","new","Turn these 60 field reports into an executive summary with owners, dates, and dependencies.","T1","synthetic_prior","low_to_moderate","low_to_medium","small_to_medium","true","{""data_sensitivity"":""high"",""regulated_domain"":false,""cloud_processing_allowed"":""policy_check_required"",""data_residency_requirement"":""US"",""vendor_allowlist_required"":true}"
"biz-0579","test","business","product_design","product","product_definition","new","Create a 20-question discovery guide for a data analyst evaluating learning-management platform.","T1","synthetic_prior","low_to_moderate","low_to_medium","small_to_medium","false","{""data_sensitivity"":""moderate"",""regulated_domain"":false,""cloud_processing_allowed"":""yes"",""data_residency_requirement"":""unspecified"",""vendor_allowlist_required"":false}"
"biz-0580","test","business","presentations","executive_strategy","presentation_creation","v1","Develop three alternative presentation narratives for a board decision on entering Southeast Asia: growth-led, risk-led, and option-value-led.","T2","synthetic_prior","moderate_to_high","medium","medium_to_large","false","{""data_sensitivity"":""high"",""regulated_domain"":true,""cloud_processing_allowed"":""policy_check_required"",""data_residency_requirement"":""EU"",""vendor_allowlist_required"":true}"
"biz-0581","development","business","data_spreadsheets","analytics","data_analysis","new","Convert these Unix timestamps dates into UTC dates.","T0","synthetic_prior","low","low","small","false","{""data_sensitivity"":""moderate"",""regulated_domain"":true,""cloud_processing_allowed"":""yes"",""data_residency_requirement"":""unspecified"",""vendor_allowlist_required"":true}"
"biz-0582","test","business","business_strategy","executive_strategy","strategy_planning","new","Advise whether Aperture Labs should build, buy, or partner for regulatory reporting, weighing control, speed, integration risk, and the scenario in which each choice fails.","T3","synthetic_prior","high","high","large_or_complex","false","{""data_sensitivity"":""moderate"",""regulated_domain"":false,""cloud_processing_allowed"":""yes"",""data_residency_requirement"":""US"",""vendor_allowlist_required"":false}"
"biz-0583","test","business","it_security_admin","it_security","systems_security","new","Investigate a suspected credential stuffing spanning package registries and the identity provider. Build competing hypotheses and an evidence-preserving containment plan.","T3","synthetic_prior","high","high","large_or_complex","false","{""data_sensitivity"":""low"",""regulated_domain"":false,""cloud_processing_allowed"":""yes"",""data_residency_requirement"":""unspecified"",""vendor_allowlist_required"":false}"
"biz-0584","test","business","software_engineering","engineering","software_delivery","new","Trace a production data-corruption bug across the reporting API and the schedule optimizer using partial logs, retries, and a recent migration. Identify the most plausible causal chain and a safe recovery plan.","T3","synthetic_prior","high","high","large_or_complex","true","{""data_sensitivity"":""high"",""regulated_domain"":false,""cloud_processing_allowed"":""policy_check_required"",""data_residency_requirement"":""APAC"",""vendor_allowlist_required"":true}"
"biz-0585","test","business","documents_summaries","general_administration","document_synthesis","new","Turn these 40 bullets into a numbered checklist, keeping the original order.","T0","synthetic_prior","low","low","small","false","{""data_sensitivity"":""low"",""regulated_domain"":true,""cloud_processing_allowed"":""yes"",""data_residency_requirement"":""unspecified"",""vendor_allowlist_required"":true}"
"biz-0586","test","business","data_spreadsheets","analytics","data_analysis","new","Write a Python formula that flags a row when cash runway falls below the target in column G.","T0","synthetic_prior","low","low","small","false","{""data_sensitivity"":""low"",""regulated_domain"":false,""cloud_processing_allowed"":""yes"",""data_residency_requirement"":""EU"",""vendor_allowlist_required"":false}"
"biz-0587","development","business","market_competitive_research","research_insights","research_analysis","v1","Determine whether an apparent new category is durable or merely a feature bundle. Integrate product architecture, buyer behavior, unit economics, and competitor incentives.","T3","synthetic_prior","high","high","large_or_complex","false","{""data_sensitivity"":""high"",""regulated_domain"":false,""cloud_processing_allowed"":""policy_check_required"",""data_residency_requirement"":""EU"",""vendor_allowlist_required"":true}"
"biz-0588","test","business","software_engineering","engineering","software_delivery","new","Write a migration for Next.js and Supabase that adds a nullable status column, backfills it in batches, and includes a safe rollback.","T1","synthetic_prior","low_to_moderate","low_to_medium","small_to_medium","false","{""data_sensitivity"":""low"",""regulated_domain"":false,""cloud_processing_allowed"":""yes"",""data_residency_requirement"":""unspecified"",""vendor_allowlist_required"":false}"
"biz-0589","test","business","classification_extraction","finance","classification_extraction","new","Normalize these 20 expense entries into the supplied CRM schema, using null when a field is missing.","T1","synthetic_prior","low_to_moderate","low_to_medium","small_to_medium","true","{""data_sensitivity"":""moderate"",""regulated_domain"":true,""cloud_processing_allowed"":""yes"",""data_residency_requirement"":""US"",""vendor_allowlist_required"":true}"
"biz-0590","test","business","product_design","product","product_definition","new","Define a 0-to-1 product for the clinical intake workflow using fragmented research, with an opportunity thesis, wedge, principles, failure modes, and validation sequence.","T3","synthetic_prior","high","high","large_or_complex","false","{""data_sensitivity"":""low"",""regulated_domain"":false,""cloud_processing_allowed"":""yes"",""data_residency_requirement"":""US"",""vendor_allowlist_required"":false}"
"biz-0591","test","business","marketing_content","marketing","content_creation","v1","Create a content strategy for a small consumer subscriptions company with a six-person marketing team, a limited paid budget, and a goal of qualified pipeline rather than traffic.","T2","synthetic_prior","moderate_to_high","medium","medium_to_large","false","{""data_sensitivity"":""low"",""regulated_domain"":false,""cloud_processing_allowed"":""yes"",""data_residency_requirement"":""unspecified"",""vendor_allowlist_required"":false}"
"biz-0592","test","business","product_design","product","product_definition","new","Define a 0-to-1 product for the revenue reconciliation workflow using fragmented research, with an opportunity thesis, wedge, principles, failure modes, and validation sequence.","T3","synthetic_prior","high","high","large_or_complex","false","{""data_sensitivity"":""low"",""regulated_domain"":false,""cloud_processing_allowed"":""yes"",""data_residency_requirement"":""APAC"",""vendor_allowlist_required"":false}"
"biz-0593","development","business","software_engineering","engineering","software_delivery","new","Refactor the reporting module into testable components without changing public behavior, with an incremental migration plan.","T2","synthetic_prior","moderate_to_high","medium","medium_to_large","false","{""data_sensitivity"":""high"",""regulated_domain"":false,""cloud_processing_allowed"":""policy_check_required"",""data_residency_requirement"":""unspecified"",""vendor_allowlist_required"":true}"
"biz-0594","test","business","market_competitive_research","research_insights","research_analysis","new","Analyze how a major regulatory change could reshape the competitive structure of logistics over five years, modeling second-order effects, strategic responses, and alternative scenarios.","T3","synthetic_prior","high","high","large_or_complex","false","{""data_sensitivity"":""low"",""regulated_domain"":true,""cloud_processing_allowed"":""yes"",""data_residency_requirement"":""unspecified"",""vendor_allowlist_required"":true}"
"biz-0595","test","business","marketing_content","marketing","content_creation","new","Reposition a mature customer-support suite whose category is commoditizing, using win/loss research and competitor claims, and identify the claims we cannot support.","T3","synthetic_prior","high","high","large_or_complex","false","{""data_sensitivity"":""low"",""regulated_domain"":true,""cloud_processing_allowed"":""yes"",""data_residency_requirement"":""unspecified"",""vendor_allowlist_required"":true}"
"biz-0596","development","business","data_spreadsheets","analytics","data_analysis","new","Convert these YYYY/MM/DD dates into YYYY-MM-DD.","T0","synthetic_prior","low","low","small","false","{""data_sensitivity"":""high"",""regulated_domain"":true,""cloud_processing_allowed"":""policy_check_required"",""data_residency_requirement"":""unspecified"",""vendor_allowlist_required"":true}"
"biz-0597","test","business","business_strategy","executive_strategy","strategy_planning","new","Group these supplied initiatives under the four approved themes and flag any that do not fit any theme.","T0","synthetic_prior","low","low","small","true","{""data_sensitivity"":""low"",""regulated_domain"":false,""cloud_processing_allowed"":""yes"",""data_residency_requirement"":""unspecified"",""vendor_allowlist_required"":false}"
"biz-0598","test","business","documents_summaries","executive_strategy","document_synthesis","new","Summarize this project brief in three bullets for the board.","T0","synthetic_prior","low","low","small","false","{""data_sensitivity"":""moderate"",""regulated_domain"":false,""cloud_processing_allowed"":""yes"",""data_residency_requirement"":""US"",""vendor_allowlist_required"":false}"
"biz-0599","development","business","documents_summaries","legal_compliance","document_synthesis","v1","Summarize this two-page policy in plain English for employees and list the three actions they need to take.","T0","synthetic_prior","low","low","small","false","{""data_sensitivity"":""moderate"",""regulated_domain"":false,""cloud_processing_allowed"":""yes"",""data_residency_requirement"":""US"",""vendor_allowlist_required"":false}"
"biz-0600","test","business","people_finance_legal_ops","people_hr","corporate_operations","v1","Write a neutral performance-review summary from these manager notes without adding judgments.","T0","synthetic_prior","low","low","small","false","{""data_sensitivity"":""low"",""regulated_domain"":false,""cloud_processing_allowed"":""yes"",""data_residency_requirement"":""EU"",""vendor_allowlist_required"":false}"
"biz-0601","test","business","meetings_collaboration","operations","meeting_synthesis","new","Analyze a merger-integration workshop with conflicting stakeholder accounts and produce the operating decision that is most defensible, together with the conditions that must hold for it to remain valid.","T3","synthetic_prior","high","high","large_or_complex","false","{""data_sensitivity"":""low"",""regulated_domain"":false,""cloud_processing_allowed"":""yes"",""data_residency_requirement"":""US"",""vendor_allowlist_required"":false}"
"biz-0602","development","business","market_competitive_research","research_insights","research_analysis","v1","Form an investment-grade market thesis from conflicting analyst reports, primary interviews, public filings, and incomplete private-company data. Quantify uncertainty and develop disconfirming tests.","T3","synthetic_prior","high","high","large_or_complex","true","{""data_sensitivity"":""moderate"",""regulated_domain"":false,""cloud_processing_allowed"":""yes"",""data_residency_requirement"":""unspecified"",""vendor_allowlist_required"":false}"
"biz-0603","development","business","market_competitive_research","research_insights","research_analysis","v1","Estimate a defensible TAM, SAM, and SOM range for a financial services product using the supplied source set, showing assumptions and avoiding double-counting.","T2","synthetic_prior","moderate_to_high","medium","medium_to_large","true","{""data_sensitivity"":""moderate"",""regulated_domain"":false,""cloud_processing_allowed"":""yes"",""data_residency_requirement"":""unspecified"",""vendor_allowlist_required"":false}"
"biz-0604","test","business","software_engineering","engineering","software_delivery","new","Trace a production data-corruption bug across the notification worker and the webhook dispatcher using partial logs, retries, and a recent migration. Identify the most plausible causal chain and a safe recovery plan.","T3","synthetic_prior","high","high","large_or_complex","true","{""data_sensitivity"":""low"",""regulated_domain"":false,""cloud_processing_allowed"":""yes"",""data_residency_requirement"":""unspecified"",""vendor_allowlist_required"":false}"
"biz-0605","development","business","presentations","general_administration","presentation_creation","new","Improve this existing deck by removing repetition, fixing the narrative order, and proposing one visual per slide.","T1","synthetic_prior","low_to_moderate","low_to_medium","small_to_medium","false","{""data_sensitivity"":""moderate"",""regulated_domain"":false,""cloud_processing_allowed"":""yes"",""data_residency_requirement"":""EU"",""vendor_allowlist_required"":false}"
"biz-0606","development","business","it_security_admin","it_security","systems_security","new","Translate this firewall-change request into an implementation checklist covering source, destination, port, owner, test, and expiry.","T1","synthetic_prior","low_to_moderate","low_to_medium","small_to_medium","true","{""data_sensitivity"":""moderate"",""regulated_domain"":false,""cloud_processing_allowed"":""yes"",""data_residency_requirement"":""APAC"",""vendor_allowlist_required"":false}"
"biz-0607","test","business","product_design","product","product_definition","new","Create a 60-item QA checklist for the password reset flow.","T0","synthetic_prior","low","low","small","false","{""data_sensitivity"":""low"",""regulated_domain"":false,""cloud_processing_allowed"":""yes"",""data_residency_requirement"":""unspecified"",""vendor_allowlist_required"":false}"
"biz-0608","test","business","marketing_content","marketing","content_creation","new","Adapt the approved customer story for regional managers and new employees without changing the facts.","T1","synthetic_prior","low_to_moderate","low_to_medium","small_to_medium","false","{""data_sensitivity"":""low"",""regulated_domain"":false,""cloud_processing_allowed"":""yes"",""data_residency_requirement"":""unspecified"",""vendor_allowlist_required"":false}"
"biz-0609","development","business","data_spreadsheets","analytics","data_analysis","new","Convert these Unix timestamps dates into YYYY-MM-DD.","T0","synthetic_prior","low","low","small","false","{""data_sensitivity"":""low"",""regulated_domain"":false,""cloud_processing_allowed"":""yes"",""data_residency_requirement"":""unspecified"",""vendor_allowlist_required"":false}"
"biz-0610","test","business","product_design","product","product_definition","new","Create a 60-question discovery guide for a compliance officer evaluating inventory planning platform.","T1","synthetic_prior","low_to_moderate","low_to_medium","small_to_medium","false","{""data_sensitivity"":""low"",""regulated_domain"":false,""cloud_processing_allowed"":""yes"",""data_residency_requirement"":""unspecified"",""vendor_allowlist_required"":false}"
"biz-0611","test","business","classification_extraction","people_hr","classification_extraction","new","Normalize these 30 job titles into the supplied analytics schema, using null when a field is missing.","T1","synthetic_prior","low_to_moderate","low_to_medium","small_to_medium","true","{""data_sensitivity"":""moderate"",""regulated_domain"":false,""cloud_processing_allowed"":""yes"",""data_residency_requirement"":""US"",""vendor_allowlist_required"":false}"
"biz-0612","test","business","email_communication","general_administration","communication_drafting","v1","Create a four-email re-engagement sequence for dormant professional services leads. Each email should have a distinct purpose, avoid fake urgency, and build on the previous one.","T2","synthetic_prior","moderate_to_high","medium","medium_to_large","false","{""data_sensitivity"":""low"",""regulated_domain"":true,""cloud_processing_allowed"":""yes"",""data_residency_requirement"":""unspecified"",""vendor_allowlist_required"":true}"
"biz-0613","test","business","marketing_content","marketing","content_creation","new","Adapt the approved launch email for prospective customers and the board without changing the facts.","T1","synthetic_prior","low_to_moderate","low_to_medium","small_to_medium","false","{""data_sensitivity"":""low"",""regulated_domain"":false,""cloud_processing_allowed"":""yes"",""data_residency_requirement"":""unspecified"",""vendor_allowlist_required"":false}"
"biz-0614","test","business","email_communication","sales","communication_drafting","new","Draft a customer email explaining a two-week delay, including the revised date, a workaround, and when we will next update them. The tone should be plainspoken and professional.","T1","synthetic_prior","low_to_moderate","low_to_medium","small_to_medium","false","{""data_sensitivity"":""low"",""regulated_domain"":true,""cloud_processing_allowed"":""yes"",""data_residency_requirement"":""unspecified"",""vendor_allowlist_required"":true}"
"biz-0615","test","business","it_security_admin","it_security","systems_security","v1","Explain how to add a user to a Linux group and verify the membership.","T0","synthetic_prior","low","low","small","false","{""data_sensitivity"":""high"",""regulated_domain"":true,""cloud_processing_allowed"":""policy_check_required"",""data_residency_requirement"":""unspecified"",""vendor_allowlist_required"":true}"
"biz-0616","test","business","documents_summaries","sales","document_synthesis","v1","Synthesize five customer-interview summaries into themes, counterexamples, and open questions. Distinguish frequency from importance.","T2","synthetic_prior","moderate_to_high","medium","medium_to_large","false","{""data_sensitivity"":""low"",""regulated_domain"":true,""cloud_processing_allowed"":""yes"",""data_residency_requirement"":""unspecified"",""vendor_allowlist_required"":true}"
"biz-0617","development","business","software_engineering","engineering","software_delivery","new","Refactor the ingestion module into testable components without changing public behavior, with an incremental migration plan.","T2","synthetic_prior","moderate_to_high","medium","medium_to_large","false","{""data_sensitivity"":""low"",""regulated_domain"":true,""cloud_processing_allowed"":""yes"",""data_residency_requirement"":""unspecified"",""vendor_allowlist_required"":true}"
"biz-0618","development","business","software_engineering","engineering","software_delivery","v1","Implement a new audit-log feature across the API, database, and admin UI while following the existing repository patterns and preserving backward compatibility.","T2","synthetic_prior","moderate_to_high","medium","medium_to_large","false","{""data_sensitivity"":""moderate"",""regulated_domain"":true,""cloud_processing_allowed"":""yes"",""data_residency_requirement"":""EU"",""vendor_allowlist_required"":true}"
"biz-0619","test","business","sales_customer_support","customer_support","customer_revenue_work","v1","Create a discovery-call question set for an operations director evaluating customer-support suite, organized by workflow, impact, decision process, and timing.","T1","synthetic_prior","low_to_moderate","low_to_medium","small_to_medium","false","{""data_sensitivity"":""low"",""regulated_domain"":false,""cloud_processing_allowed"":""yes"",""data_residency_requirement"":""APAC"",""vendor_allowlist_required"":false}"
"biz-0620","test","business","data_spreadsheets","finance","data_analysis","new","Write a SQL query that returns gross margin by region for the last 40 days.","T0","synthetic_prior","low","low","small","false","{""data_sensitivity"":""low"",""regulated_domain"":false,""cloud_processing_allowed"":""yes"",""data_residency_requirement"":""unspecified"",""vendor_allowlist_required"":false}"
"biz-0621","development","business","market_competitive_research","research_insights","research_analysis","v1","Analyze competitor pricing pages and customer reviews to infer packaging strategy, switching friction, and underserved use cases. Do not treat review frequency as market share.","T2","synthetic_prior","moderate_to_high","medium","medium_to_large","false","{""data_sensitivity"":""moderate"",""regulated_domain"":false,""cloud_processing_allowed"":""yes"",""data_residency_requirement"":""EU"",""vendor_allowlist_required"":false}"
"biz-0622","test","business","meetings_collaboration","operations","meeting_synthesis","v1","Convert workshop notes into a prioritized action plan with dependencies, owners, due dates, and a short explanation of why each item matters.","T2","synthetic_prior","moderate_to_high","medium","medium_to_large","false","{""data_sensitivity"":""high"",""regulated_domain"":false,""cloud_processing_allowed"":""policy_check_required"",""data_residency_requirement"":""unspecified"",""vendor_allowlist_required"":true}"
"biz-0623","test","business","presentations","general_administration","presentation_creation","v1","Build a workshop deck for nontechnical stakeholders introducing a new operating model. Include exercises, facilitator notes, likely objections, and a concrete close.","T2","synthetic_prior","moderate_to_high","medium","medium_to_large","false","{""data_sensitivity"":""moderate"",""regulated_domain"":false,""cloud_processing_allowed"":""yes"",""data_residency_requirement"":""APAC"",""vendor_allowlist_required"":false}"
"biz-0624","test","business","marketing_content","marketing","content_creation","new","Adapt the approved one-pager for nontechnical stakeholders and nontechnical stakeholders without changing the facts.","T1","synthetic_prior","low_to_moderate","low_to_medium","small_to_medium","false","{""data_sensitivity"":""moderate"",""regulated_domain"":false,""cloud_processing_allowed"":""yes"",""data_residency_requirement"":""unspecified"",""vendor_allowlist_required"":false}"
"biz-0625","test","business","product_design","product","product_definition","v1","Redesign a mature platform’s information architecture while preserving compatibility for three distinct user groups and hundreds of integrations. Provide a migration strategy and decision framework.","T3","synthetic_prior","high","high","large_or_complex","false","{""data_sensitivity"":""moderate"",""regulated_domain"":true,""cloud_processing_allowed"":""yes"",""data_residency_requirement"":""EU"",""vendor_allowlist_required"":true}"
"biz-0626","test","business","software_engineering","engineering","software_delivery","new","Explain this permission denied message and name the first thing to check.","T0","synthetic_prior","low","low","small","false","{""data_sensitivity"":""low"",""regulated_domain"":false,""cloud_processing_allowed"":""yes"",""data_residency_requirement"":""unspecified"",""vendor_allowlist_required"":false}"
"biz-0627","test","business","product_design","product","product_definition","new","Define a 0-to-1 product for the incident triage workflow using fragmented research, with an opportunity thesis, wedge, principles, failure modes, and validation sequence.","T3","synthetic_prior","high","high","large_or_complex","false","{""data_sensitivity"":""high"",""regulated_domain"":true,""cloud_processing_allowed"":""policy_check_required"",""data_residency_requirement"":""unspecified"",""vendor_allowlist_required"":true}"
"biz-0628","development","business","sales_customer_support","customer_support","customer_revenue_work","v1","Draft a response to a frustrated customer whose issue required three handoffs, acknowledging the experience and explaining the concrete recovery steps.","T1","synthetic_prior","low_to_moderate","low_to_medium","small_to_medium","false","{""data_sensitivity"":""high"",""regulated_domain"":false,""cloud_processing_allowed"":""policy_check_required"",""data_residency_requirement"":""unspecified"",""vendor_allowlist_required"":true}"
"biz-0629","test","business","documents_summaries","legal_compliance","document_synthesis","new","Reconcile the audit findings, the incident review, and the board minutes into an obligation matrix with conflicts, jurisdictional caveats, and questions for counsel.","T3","synthetic_prior","high","high","large_or_complex","false","{""data_sensitivity"":""high"",""regulated_domain"":false,""cloud_processing_allowed"":""policy_check_required"",""data_residency_requirement"":""APAC"",""vendor_allowlist_required"":true}"
"biz-0630","test","business","business_strategy","executive_strategy","strategy_planning","v1","Advise whether Juniper Retail should sell, raise capital, or remain independent. Integrate market timing, founder objectives, dilution, competitive dynamics, and scenario-weighted enterprise value.","T3","synthetic_prior","high","high","large_or_complex","false","{""data_sensitivity"":""low"",""regulated_domain"":false,""cloud_processing_allowed"":""yes"",""data_residency_requirement"":""unspecified"",""vendor_allowlist_required"":false}"
"biz-0631","test","business","it_security_admin","it_security","systems_security","new","Translate this change request for Okta into an implementation checklist with source, destination, owner, test, and rollback.","T1","synthetic_prior","low_to_moderate","low_to_medium","small_to_medium","true","{""data_sensitivity"":""moderate"",""regulated_domain"":false,""cloud_processing_allowed"":""yes"",""data_residency_requirement"":""US"",""vendor_allowlist_required"":false}"
"biz-0632","development","business","documents_summaries","people_hr","document_synthesis","v1","Rewrite this technical operating procedure for a newly hired employee while preserving every safety warning and escalation step.","T1","synthetic_prior","low_to_moderate","low_to_medium","small_to_medium","false","{""data_sensitivity"":""low"",""regulated_domain"":false,""cloud_processing_allowed"":""yes"",""data_residency_requirement"":""unspecified"",""vendor_allowlist_required"":false}"
"biz-0633","test","business","market_competitive_research","research_insights","research_analysis","new","Analyze how a major regulatory change could reshape the competitive structure of professional services over five years, modeling second-order effects, strategic responses, and alternative scenarios.","T3","synthetic_prior","high","high","large_or_complex","false","{""data_sensitivity"":""low"",""regulated_domain"":false,""cloud_processing_allowed"":""yes"",""data_residency_requirement"":""unspecified"",""vendor_allowlist_required"":false}"
"biz-0634","test","business","documents_summaries","legal_compliance","document_synthesis","v1","Analyze a large diligence room of contracts, board materials, and operating reports to identify contradictions that could materially change an acquisition thesis. Cite every finding.","T3","synthetic_prior","high","high","large_or_complex","true","{""data_sensitivity"":""moderate"",""regulated_domain"":false,""cloud_processing_allowed"":""yes"",""data_residency_requirement"":""unspecified"",""vendor_allowlist_required"":false}"
"biz-0635","test","business","marketing_content","marketing","content_creation","v1","Create a content strategy for a small financial services company with a six-person marketing team, a limited paid budget, and a goal of qualified pipeline rather than traffic.","T2","synthetic_prior","moderate_to_high","medium","medium_to_large","false","{""data_sensitivity"":""moderate"",""regulated_domain"":true,""cloud_processing_allowed"":""yes"",""data_residency_requirement"":""unspecified"",""vendor_allowlist_required"":true}"
"biz-0636","test","business","meetings_collaboration","executive_strategy","meeting_synthesis","new","Synthesize six months of leadership meetings into recurring unresolved decisions and commitments that were never closed, citing speaker and date.","T3","synthetic_prior","high","high","large_or_complex","false","{""data_sensitivity"":""high"",""regulated_domain"":false,""cloud_processing_allowed"":""policy_check_required"",""data_residency_requirement"":""unspecified"",""vendor_allowlist_required"":true}"
"biz-0637","development","business","meetings_collaboration","operations","meeting_synthesis","new","Combine two consecutive planning meetings into one status record, preserving changed dates and superseded decisions.","T1","synthetic_prior","low_to_moderate","low_to_medium","small_to_medium","false","{""data_sensitivity"":""high"",""regulated_domain"":false,""cloud_processing_allowed"":""policy_check_required"",""data_residency_requirement"":""unspecified"",""vendor_allowlist_required"":true}"
"biz-0638","test","business","product_design","product","product_definition","new","Create a 20-item QA checklist for the password reset flow.","T0","synthetic_prior","low","low","small","false","{""data_sensitivity"":""low"",""regulated_domain"":false,""cloud_processing_allowed"":""yes"",""data_residency_requirement"":""unspecified"",""vendor_allowlist_required"":false}"
"biz-0639","test","business","data_spreadsheets","analytics","data_analysis","new","Write a SQL formula that flags a row when conversion rate falls below the target in column E.","T0","synthetic_prior","low","low","small","false","{""data_sensitivity"":""low"",""regulated_domain"":false,""cloud_processing_allowed"":""yes"",""data_residency_requirement"":""unspecified"",""vendor_allowlist_required"":false}"
"biz-0640","development","business","data_spreadsheets","analytics","data_analysis","v1","Analyze this sales workbook for trend breaks, segment mix shifts, and suspicious outliers. Separate observations from possible explanations and specify follow-up checks.","T2","synthetic_prior","moderate_to_high","medium","medium_to_large","true","{""data_sensitivity"":""low"",""regulated_domain"":false,""cloud_processing_allowed"":""yes"",""data_residency_requirement"":""EU"",""vendor_allowlist_required"":false}"
"biz-0641","test","business","product_design","product","product_definition","v1","Design an onboarding experiment for customer-support suite that can distinguish comprehension problems from missing product value.","T2","synthetic_prior","moderate_to_high","medium","medium_to_large","false","{""data_sensitivity"":""low"",""regulated_domain"":false,""cloud_processing_allowed"":""yes"",""data_residency_requirement"":""US"",""vendor_allowlist_required"":false}"
"biz-0642","test","business","it_security_admin","it_security","systems_security","new","Investigate a suspected insider exfiltration spanning package registries and the identity provider. Build competing hypotheses and an evidence-preserving containment plan.","T3","synthetic_prior","high","high","large_or_complex","false","{""data_sensitivity"":""low"",""regulated_domain"":true,""cloud_processing_allowed"":""yes"",""data_residency_requirement"":""unspecified"",""vendor_allowlist_required"":true}"
"biz-0643","test","business","data_spreadsheets","finance","data_analysis","new","Build a driver-based budget model for Harbor & Finch with assumptions, scenario toggles, and integrity checks that catch broken links and circular references.","T2","synthetic_prior","moderate_to_high","medium","medium_to_large","false","{""data_sensitivity"":""high"",""regulated_domain"":true,""cloud_processing_allowed"":""policy_check_required"",""data_residency_requirement"":""US"",""vendor_allowlist_required"":true}"
"biz-0644","development","business","people_finance_legal_ops","people_hr","corporate_operations","v1","Create a hiring scorecard for an operations manager from the supplied role brief, including competencies, interview questions, and anchored rating guidance.","T1","synthetic_prior","low_to_moderate","low_to_medium","small_to_medium","true","{""data_sensitivity"":""low"",""regulated_domain"":false,""cloud_processing_allowed"":""yes"",""data_residency_requirement"":""unspecified"",""vendor_allowlist_required"":false}"
"biz-0645","test","business","meetings_collaboration","operations","meeting_synthesis","v1","Create a concise agenda for a 30-minute weekly project check-in covering progress, blockers, decisions, and next steps.","T0","synthetic_prior","low","low","small","false","{""data_sensitivity"":""low"",""regulated_domain"":false,""cloud_processing_allowed"":""yes"",""data_residency_requirement"":""unspecified"",""vendor_allowlist_required"":false}"
"biz-0646","test","business","market_competitive_research","research_insights","research_analysis","v1","Assess the competitive landscape for customer-support suite in Southeast Asia. Segment competitors by business model and buyer, distinguish sourced facts from inference, and identify evidence gaps.","T2","synthetic_prior","moderate_to_high","medium","medium_to_large","true","{""data_sensitivity"":""low"",""regulated_domain"":false,""cloud_processing_allowed"":""yes"",""data_residency_requirement"":""US"",""vendor_allowlist_required"":false}"
"biz-0647","test","business","product_design","product","product_definition","new","Determine whether repeated customer requests represent one extensible platform capability or several incompatible vertical products, using product, architecture, and go-to-market evidence.","T3","synthetic_prior","high","high","large_or_complex","false","{""data_sensitivity"":""moderate"",""regulated_domain"":false,""cloud_processing_allowed"":""yes"",""data_residency_requirement"":""unspecified"",""vendor_allowlist_required"":false}"
"biz-0648","test","business","presentations","executive_strategy","presentation_creation","v1","Design a board deck for a decision between three acquisition targets using incomplete and partly contradictory diligence. Build the argument, sensitivity cases, decision gates, and appendix structure.","T3","synthetic_prior","high","high","large_or_complex","false","{""data_sensitivity"":""high"",""regulated_domain"":false,""cloud_processing_allowed"":""policy_check_required"",""data_residency_requirement"":""unspecified"",""vendor_allowlist_required"":true}"
"biz-0649","development","business","classification_extraction","customer_support","classification_extraction","v1","Classify these support messages against 15 supplied categories, allowing up to two labels and returning a short evidence phrase for each.","T1","synthetic_prior","low_to_moderate","low_to_medium","small_to_medium","true","{""data_sensitivity"":""low"",""regulated_domain"":false,""cloud_processing_allowed"":""yes"",""data_residency_requirement"":""unspecified"",""vendor_allowlist_required"":false}"
"biz-0650","test","business","software_engineering","engineering","software_delivery","v1","Refactor a tightly coupled billing module into testable components without changing public behavior. Provide an incremental migration plan.","T2","synthetic_prior","moderate_to_high","medium","medium_to_large","false","{""data_sensitivity"":""low"",""regulated_domain"":false,""cloud_processing_allowed"":""yes"",""data_residency_requirement"":""US"",""vendor_allowlist_required"":false}"
"biz-0651","test","business","business_strategy","executive_strategy","strategy_planning","v1","Recommend how Aperture Labs should allocate a fixed growth budget across retention, expansion, and new acquisition. Use the supplied unit economics and state the assumptions driving the recommendation.","T2","synthetic_prior","moderate_to_high","medium","medium_to_large","true","{""data_sensitivity"":""low"",""regulated_domain"":false,""cloud_processing_allowed"":""yes"",""data_residency_requirement"":""unspecified"",""vendor_allowlist_required"":false}"
"biz-0652","test","business","meetings_collaboration","executive_strategy","meeting_synthesis","new","Turn these 20 interview summaries into an executive summary with owners, dates, and dependencies.","T1","synthetic_prior","low_to_moderate","low_to_medium","small_to_medium","false","{""data_sensitivity"":""high"",""regulated_domain"":true,""cloud_processing_allowed"":""policy_check_required"",""data_residency_requirement"":""unspecified"",""vendor_allowlist_required"":true}"
"biz-0653","development","business","software_engineering","engineering","software_delivery","v1","Write a TypeScript function that groups an array of invoices by customer ID and sums the amounts. Include simple tests.","T0","synthetic_prior","low","low","small","false","{""data_sensitivity"":""low"",""regulated_domain"":false,""cloud_processing_allowed"":""yes"",""data_residency_requirement"":""US"",""vendor_allowlist_required"":false}"
"biz-0654","test","business","product_design","product","product_definition","new","Create a 50-question discovery guide for a product manager evaluating customer-support suite.","T1","synthetic_prior","low_to_moderate","low_to_medium","small_to_medium","false","{""data_sensitivity"":""low"",""regulated_domain"":true,""cloud_processing_allowed"":""yes"",""data_residency_requirement"":""EU"",""vendor_allowlist_required"":true}"
"biz-0655","test","business","classification_extraction","finance","classification_extraction","new","Normalize these 20 invoices into the supplied CRM schema, using null when a field is missing.","T1","synthetic_prior","low_to_moderate","low_to_medium","small_to_medium","true","{""data_sensitivity"":""moderate"",""regulated_domain"":false,""cloud_processing_allowed"":""yes"",""data_residency_requirement"":""US"",""vendor_allowlist_required"":false}"
"biz-0656","development","business","marketing_content","marketing","content_creation","new","Write five short social captions announcing a webinar for warehouse analytics product, avoiding emojis and exaggerated claims.","T0","synthetic_prior","low","low","small","false","{""data_sensitivity"":""low"",""regulated_domain"":false,""cloud_processing_allowed"":""yes"",""data_residency_requirement"":""US"",""vendor_allowlist_required"":false}"
"biz-0657","test","business","business_strategy","executive_strategy","strategy_planning","v1","Develop three strategic options for entering the US Midwest, with required capabilities, leading indicators, reversibility, and explicit kill criteria.","T2","synthetic_prior","moderate_to_high","medium","medium_to_large","false","{""data_sensitivity"":""low"",""regulated_domain"":false,""cloud_processing_allowed"":""yes"",""data_residency_requirement"":""unspecified"",""vendor_allowlist_required"":false}"
"biz-0658","test","business","market_competitive_research","research_insights","research_analysis","new","Assess the competitive landscape for expense-management service in Australia and New Zealand, segmenting competitors by business model and buyer, distinguishing sourced facts from inference, and naming the evidence gaps.","T2","synthetic_prior","moderate_to_high","medium","medium_to_large","true","{""data_sensitivity"":""high"",""regulated_domain"":false,""cloud_processing_allowed"":""policy_check_required"",""data_residency_requirement"":""unspecified"",""vendor_allowlist_required"":true}"
"biz-0659","development","business","market_competitive_research","research_insights","research_analysis","v1","Estimate a defensible TAM, SAM, and SOM range for a logistics product using the supplied source set, showing assumptions and avoiding double-counting.","T2","synthetic_prior","moderate_to_high","medium","medium_to_large","true","{""data_sensitivity"":""low"",""regulated_domain"":false,""cloud_processing_allowed"":""yes"",""data_residency_requirement"":""unspecified"",""vendor_allowlist_required"":false}"
"biz-0660","test","business","marketing_content","marketing","content_creation","new","Draft a 15-word Slack message about the quarterly review.","T0","synthetic_prior","low","low","small","false","{""data_sensitivity"":""low"",""regulated_domain"":false,""cloud_processing_allowed"":""yes"",""data_residency_requirement"":""APAC"",""vendor_allowlist_required"":false}"
"biz-0661","test","business","software_engineering","engineering","software_delivery","new","Trace a production data-corruption bug across the identity service and the webhook dispatcher using partial logs, retries, and a recent migration. Identify the most plausible causal chain and a safe recovery plan.","T3","synthetic_prior","high","high","large_or_complex","true","{""data_sensitivity"":""moderate"",""regulated_domain"":false,""cloud_processing_allowed"":""yes"",""data_residency_requirement"":""unspecified"",""vendor_allowlist_required"":false}"
"biz-0662","test","business","marketing_content","marketing","content_creation","new","Draft a 50-word internal announcement about the system maintenance.","T0","synthetic_prior","low","low","small","false","{""data_sensitivity"":""low"",""regulated_domain"":true,""cloud_processing_allowed"":""yes"",""data_residency_requirement"":""unspecified"",""vendor_allowlist_required"":true}"
"biz-0663","development","business","it_security_admin","it_security","systems_security","v1","Diagnose why a Kubernetes deployment is crash-looping from these manifests, events, and logs. Provide the safest sequence of checks and changes.","T2","synthetic_prior","moderate_to_high","medium","medium_to_large","true","{""data_sensitivity"":""moderate"",""regulated_domain"":false,""cloud_processing_allowed"":""yes"",""data_residency_requirement"":""EU"",""vendor_allowlist_required"":false}"
"biz-0664","test","business","marketing_content","marketing","content_creation","new","Adapt the approved case study for the executive team and nontechnical stakeholders without changing the facts.","T1","synthetic_prior","low_to_moderate","low_to_medium","small_to_medium","false","{""data_sensitivity"":""low"",""regulated_domain"":true,""cloud_processing_allowed"":""yes"",""data_residency_requirement"":""unspecified"",""vendor_allowlist_required"":true}"
"biz-0665","test","business","data_spreadsheets","finance","data_analysis","new","Write a SQL query that returns net revenue retention by region for the last 30 days.","T0","synthetic_prior","low","low","small","false","{""data_sensitivity"":""low"",""regulated_domain"":false,""cloud_processing_allowed"":""yes"",""data_residency_requirement"":""APAC"",""vendor_allowlist_required"":false}"
"biz-0666","test","business","data_spreadsheets","finance","data_analysis","new","Build a driver-based budget model for Northstar Logistics with assumptions, scenario toggles, and integrity checks that catch broken links and circular references.","T2","synthetic_prior","moderate_to_high","medium","medium_to_large","false","{""data_sensitivity"":""moderate"",""regulated_domain"":false,""cloud_processing_allowed"":""yes"",""data_residency_requirement"":""unspecified"",""vendor_allowlist_required"":false}"
"biz-0667","test","business","documents_summaries","executive_strategy","document_synthesis","v1","Turn a 35-page technical report into a two-page executive brief for nontechnical stakeholders, preserving uncertainty and the limits of the analysis.","T2","synthetic_prior","moderate_to_high","medium","medium_to_large","false","{""data_sensitivity"":""low"",""regulated_domain"":false,""cloud_processing_allowed"":""yes"",""data_residency_requirement"":""unspecified"",""vendor_allowlist_required"":false}"
"biz-0668","development","business","marketing_content","marketing","content_creation","new","Write five short social captions announcing a webinar for procurement marketplace, avoiding emojis and exaggerated claims.","T0","synthetic_prior","low","low","small","false","{""data_sensitivity"":""low"",""regulated_domain"":true,""cloud_processing_allowed"":""yes"",""data_residency_requirement"":""US"",""vendor_allowlist_required"":true}"
"biz-0669","test","business","marketing_content","marketing","content_creation","new","Write a product brief for procurement marketplace using the supplied positioning, proof points, and prohibited claims.","T1","synthetic_prior","low_to_moderate","low_to_medium","small_to_medium","true","{""data_sensitivity"":""moderate"",""regulated_domain"":false,""cloud_processing_allowed"":""yes"",""data_residency_requirement"":""US"",""vendor_allowlist_required"":false}"
"biz-0670","test","business","market_competitive_research","research_insights","research_analysis","v1","Create a market-entry brief for the UK and Ireland covering buyer structure, regulation, channels, incumbent responses, and the cheapest experiments that could invalidate the thesis.","T2","synthetic_prior","moderate_to_high","medium","medium_to_large","false","{""data_sensitivity"":""low"",""regulated_domain"":false,""cloud_processing_allowed"":""yes"",""data_residency_requirement"":""US"",""vendor_allowlist_required"":false}"
"biz-0671","development","business","market_competitive_research","research_insights","research_analysis","new","Form an investment-grade market thesis from conflicting analyst reports, primary interviews, public filings, and incomplete private-company data. Quantify the uncertainty and design the tests that would disconfirm it.","T3","synthetic_prior","high","high","large_or_complex","true","{""data_sensitivity"":""moderate"",""regulated_domain"":false,""cloud_processing_allowed"":""yes"",""data_residency_requirement"":""EU"",""vendor_allowlist_required"":false}"
"biz-0672","test","business","meetings_collaboration","executive_strategy","meeting_synthesis","new","Review a year of board minutes and identify decisions that quietly reversed earlier ones, including who drove the change and what was never formally recorded. Cite the minutes for each finding.","T3","synthetic_prior","high","high","large_or_complex","false","{""data_sensitivity"":""low"",""regulated_domain"":true,""cloud_processing_allowed"":""yes"",""data_residency_requirement"":""unspecified"",""vendor_allowlist_required"":true}"
"biz-0673","test","business","business_strategy","executive_strategy","strategy_planning","v1","Recommend how Atlas Foods should allocate a fixed growth budget across retention, expansion, and new acquisition. Use the supplied unit economics and state the assumptions driving the recommendation.","T2","synthetic_prior","moderate_to_high","medium","medium_to_large","true","{""data_sensitivity"":""low"",""regulated_domain"":false,""cloud_processing_allowed"":""yes"",""data_residency_requirement"":""unspecified"",""vendor_allowlist_required"":false}"
"biz-0674","test","business","software_engineering","engineering","software_delivery","new","Implement audit logging on this endpoint following the existing repository pattern, with tests.","T1","synthetic_prior","low_to_moderate","low_to_medium","small_to_medium","false","{""data_sensitivity"":""moderate"",""regulated_domain"":false,""cloud_processing_allowed"":""yes"",""data_residency_requirement"":""unspecified"",""vendor_allowlist_required"":false}"
"biz-0675","test","business","it_security_admin","it_security","systems_security","new","Translate this change request for GitHub into an implementation checklist with source, destination, owner, test, and rollback.","T1","synthetic_prior","low_to_moderate","low_to_medium","small_to_medium","true","{""data_sensitivity"":""moderate"",""regulated_domain"":false,""cloud_processing_allowed"":""yes"",""data_residency_requirement"":""unspecified"",""vendor_allowlist_required"":false}"
"biz-0676","test","business","product_design","product","product_definition","new","Synthesize 12 user interviews into jobs, pains, and opportunity areas, preserving contradictory segments rather than forcing one persona.","T2","synthetic_prior","moderate_to_high","medium","medium_to_large","false","{""data_sensitivity"":""low"",""regulated_domain"":false,""cloud_processing_allowed"":""yes"",""data_residency_requirement"":""unspecified"",""vendor_allowlist_required"":false}"
"biz-0677","test","business","data_spreadsheets","analytics","data_analysis","new","Write a SQL query that returns inventory turns by region for the last 10 days.","T0","synthetic_prior","low","low","small","false","{""data_sensitivity"":""low"",""regulated_domain"":false,""cloud_processing_allowed"":""yes"",""data_residency_requirement"":""US"",""vendor_allowlist_required"":false}"
"biz-0678","test","business","it_security_admin","it_security","systems_security","new","Design a least-privilege access model for a procurement manager across AWS, and state how it would be tested.","T2","synthetic_prior","moderate_to_high","medium","medium_to_large","false","{""data_sensitivity"":""moderate"",""regulated_domain"":false,""cloud_processing_allowed"":""yes"",""data_residency_requirement"":""EU"",""vendor_allowlist_required"":false}"
"biz-0679","test","business","business_strategy","executive_strategy","strategy_planning","new","Advise whether Brightline Energy should build, buy, or partner for regulatory reporting, weighing control, speed, integration risk, and the scenario in which each choice fails.","T3","synthetic_prior","high","high","large_or_complex","false","{""data_sensitivity"":""low"",""regulated_domain"":true,""cloud_processing_allowed"":""yes"",""data_residency_requirement"":""unspecified"",""vendor_allowlist_required"":true}"
"biz-0680","test","business","product_design","product","product_definition","new","Synthesize 10 support calls into jobs, pains, and opportunity areas, preserving contradictory segments rather than forcing one persona.","T2","synthetic_prior","moderate_to_high","medium","medium_to_large","false","{""data_sensitivity"":""moderate"",""regulated_domain"":true,""cloud_processing_allowed"":""yes"",""data_residency_requirement"":""unspecified"",""vendor_allowlist_required"":true}"
"biz-0681","test","business","software_engineering","engineering","software_delivery","new","Diagnose the intermittent stale cache in the payments gateway from the supplied code and logs, and propose a minimal fix with tests and rollout safeguards.","T2","synthetic_prior","moderate_to_high","medium","medium_to_large","true","{""data_sensitivity"":""low"",""regulated_domain"":false,""cloud_processing_allowed"":""yes"",""data_residency_requirement"":""US"",""vendor_allowlist_required"":false}"
"biz-0682","development","business","business_strategy","executive_strategy","strategy_planning","v1","Develop a strategy under deep uncertainty where the key technology, regulation, and customer-adoption curves are all unresolved. Specify no-regret moves, options, signposts, and contingent commitments.","T3","synthetic_prior","high","high","large_or_complex","false","{""data_sensitivity"":""high"",""regulated_domain"":false,""cloud_processing_allowed"":""policy_check_required"",""data_residency_requirement"":""US"",""vendor_allowlist_required"":true}"
"biz-0683","test","business","people_finance_legal_ops","people_hr","corporate_operations","v1","Turn these expense-policy bullets into an employee FAQ.","T0","synthetic_prior","low","low","small","false","{""data_sensitivity"":""moderate"",""regulated_domain"":false,""cloud_processing_allowed"":""yes"",""data_residency_requirement"":""unspecified"",""vendor_allowlist_required"":false}"
"biz-0684","test","business","documents_summaries","general_administration","document_synthesis","new","Summarize this release note in three bullets for regional managers.","T0","synthetic_prior","low","low","small","false","{""data_sensitivity"":""moderate"",""regulated_domain"":false,""cloud_processing_allowed"":""yes"",""data_residency_requirement"":""US"",""vendor_allowlist_required"":false}"
"biz-0685","test","business","classification_extraction","operations","classification_extraction","new","Normalize these 15 survey responses into the supplied analytics schema, using null when a field is missing.","T1","synthetic_prior","low_to_moderate","low_to_medium","small_to_medium","true","{""data_sensitivity"":""high"",""regulated_domain"":false,""cloud_processing_allowed"":""policy_check_required"",""data_residency_requirement"":""unspecified"",""vendor_allowlist_required"":true}"
"biz-0686","test","business","classification_extraction","operations","classification_extraction","new","Extract the renewal date from each of these 10 short records into a single CSV.","T0","synthetic_prior","low","low","small","false","{""data_sensitivity"":""moderate"",""regulated_domain"":true,""cloud_processing_allowed"":""yes"",""data_residency_requirement"":""unspecified"",""vendor_allowlist_required"":true}"
"biz-0687","test","business","business_strategy","executive_strategy","strategy_planning","new","Turn the the attached transcript and the two attached spreadsheets into a one-page brief covering variances, risks, and the decisions still needed.","T1","synthetic_prior","low_to_moderate","low_to_medium","small_to_medium","true","{""data_sensitivity"":""high"",""regulated_domain"":false,""cloud_processing_allowed"":""policy_check_required"",""data_residency_requirement"":""unspecified"",""vendor_allowlist_required"":true}"
"biz-0688","development","business","software_engineering","engineering","software_delivery","v1","Design and implement a major cross-repository feature with evolving requirements, legacy compatibility constraints, migration tooling, observability, and a staged rollout.","T3","synthetic_prior","high","high","large_or_complex","false","{""data_sensitivity"":""low"",""regulated_domain"":true,""cloud_processing_allowed"":""yes"",""data_residency_requirement"":""unspecified"",""vendor_allowlist_required"":true}"
"biz-0689","development","business","software_engineering","engineering","software_delivery","v1","Implement pagination, filtering, and sorting for this existing API endpoint, following the supplied repository pattern and adding unit tests.","T1","synthetic_prior","low_to_moderate","low_to_medium","small_to_medium","true","{""data_sensitivity"":""low"",""regulated_domain"":false,""cloud_processing_allowed"":""yes"",""data_residency_requirement"":""unspecified"",""vendor_allowlist_required"":false}"
"biz-0690","test","business","software_engineering","engineering","software_delivery","new","Trace a production data-corruption bug across the billing service using partial logs, retries, asynchronous consumers, and a recent schema migration. Identify the most plausible causal chain and a safe recovery plan.","T3","synthetic_prior","high","high","large_or_complex","true","{""data_sensitivity"":""high"",""regulated_domain"":false,""cloud_processing_allowed"":""policy_check_required"",""data_residency_requirement"":""US"",""vendor_allowlist_required"":true}"
"biz-0691","test","business","software_engineering","engineering","software_delivery","new","Write a migration for Python and FastAPI that adds a nullable status column, backfills it in batches, and includes a safe rollback.","T1","synthetic_prior","low_to_moderate","low_to_medium","small_to_medium","false","{""data_sensitivity"":""low"",""regulated_domain"":true,""cloud_processing_allowed"":""yes"",""data_residency_requirement"":""unspecified"",""vendor_allowlist_required"":true}"
"biz-0692","test","business","product_design","product","product_definition","new","Create a 12-item QA checklist for the onboarding flow.","T0","synthetic_prior","low","low","small","false","{""data_sensitivity"":""low"",""regulated_domain"":false,""cloud_processing_allowed"":""yes"",""data_residency_requirement"":""unspecified"",""vendor_allowlist_required"":false}"
"biz-0693","test","business","documents_summaries","sales","document_synthesis","new","Summarize this one-page memo in three bullets for enterprise buyers.","T0","synthetic_prior","low","low","small","false","{""data_sensitivity"":""low"",""regulated_domain"":false,""cloud_processing_allowed"":""yes"",""data_residency_requirement"":""unspecified"",""vendor_allowlist_required"":false}"
"biz-0694","test","business","market_competitive_research","research_insights","research_analysis","v1","Assess the competitive landscape for telehealth portal in Southeast Asia. Segment competitors by business model and buyer, distinguish sourced facts from inference, and identify evidence gaps.","T2","synthetic_prior","moderate_to_high","medium","medium_to_large","true","{""data_sensitivity"":""low"",""regulated_domain"":false,""cloud_processing_allowed"":""yes"",""data_residency_requirement"":""APAC"",""vendor_allowlist_required"":false}"
"biz-0695","test","business","business_strategy","executive_strategy","strategy_planning","new","Advise whether Atlas Foods should build, buy, or partner for payments processing, weighing control, speed, integration risk, and the scenario in which each choice fails.","T3","synthetic_prior","high","high","large_or_complex","false","{""data_sensitivity"":""low"",""regulated_domain"":true,""cloud_processing_allowed"":""yes"",""data_residency_requirement"":""US"",""vendor_allowlist_required"":true}"
"biz-0696","development","business","classification_extraction","operations","classification_extraction","new","Build a stable taxonomy for these 8,000 unlabeled operational requests, balancing durable categories against emerging themes, and specify migration rules from the legacy labels.","T3","synthetic_prior","high","high","large_or_complex","false","{""data_sensitivity"":""high"",""regulated_domain"":true,""cloud_processing_allowed"":""policy_check_required"",""data_residency_requirement"":""unspecified"",""vendor_allowlist_required"":true}"
"biz-0697","test","business","product_design","product","product_definition","v1","Design an onboarding experiment for learning-management platform that can distinguish comprehension problems from missing product value.","T2","synthetic_prior","moderate_to_high","medium","medium_to_large","false","{""data_sensitivity"":""high"",""regulated_domain"":false,""cloud_processing_allowed"":""policy_check_required"",""data_residency_requirement"":""unspecified"",""vendor_allowlist_required"":true}"
"biz-0698","development","business","marketing_content","marketing","content_creation","v1","Write a landing-page draft for customer-support suite using the supplied positioning, proof points, and prohibited-claims list.","T1","synthetic_prior","low_to_moderate","low_to_medium","small_to_medium","true","{""data_sensitivity"":""low"",""regulated_domain"":true,""cloud_processing_allowed"":""yes"",""data_residency_requirement"":""unspecified"",""vendor_allowlist_required"":true}"
"biz-0699","test","business","classification_extraction","operations","classification_extraction","new","Classify each of these 40 job applicants into the three categories supplied, and return one label per row.","T0","synthetic_prior","low","low","small","true","{""data_sensitivity"":""high"",""regulated_domain"":false,""cloud_processing_allowed"":""policy_check_required"",""data_residency_requirement"":""US"",""vendor_allowlist_required"":true}"
"biz-0700","development","business","business_strategy","executive_strategy","strategy_planning","v1","Create an operating strategy for a business growing faster than its implementation capacity. Balance sales constraints, hiring, automation, and customer experience.","T2","synthetic_prior","moderate_to_high","medium","medium_to_large","false","{""data_sensitivity"":""low"",""regulated_domain"":false,""cloud_processing_allowed"":""yes"",""data_residency_requirement"":""APAC"",""vendor_allowlist_required"":false}"
"biz-0701","test","business","data_spreadsheets","analytics","data_analysis","new","Review this pipeline report and write commentary on material movements and the figures most likely to be misread.","T1","synthetic_prior","low_to_moderate","low_to_medium","small_to_medium","false","{""data_sensitivity"":""moderate"",""regulated_domain"":false,""cloud_processing_allowed"":""yes"",""data_residency_requirement"":""unspecified"",""vendor_allowlist_required"":false}"
"biz-0702","test","business","marketing_content","marketing","content_creation","new","Adapt the approved case study for the board and regional managers without changing the facts.","T1","synthetic_prior","low_to_moderate","low_to_medium","small_to_medium","false","{""data_sensitivity"":""low"",""regulated_domain"":false,""cloud_processing_allowed"":""yes"",""data_residency_requirement"":""US"",""vendor_allowlist_required"":false}"
"biz-0703","test","business","documents_summaries","general_administration","document_synthesis","new","Turn these 30 bullets into a numbered checklist, keeping the original order.","T0","synthetic_prior","low","low","small","false","{""data_sensitivity"":""moderate"",""regulated_domain"":false,""cloud_processing_allowed"":""yes"",""data_residency_requirement"":""unspecified"",""vendor_allowlist_required"":false}"
"biz-0704","test","business","business_strategy","executive_strategy","strategy_planning","new","Advise whether Juniper Retail should build, buy, or partner for incident response, weighing control, speed, integration risk, and the scenario in which each choice fails.","T3","synthetic_prior","high","high","large_or_complex","false","{""data_sensitivity"":""moderate"",""regulated_domain"":false,""cloud_processing_allowed"":""yes"",""data_residency_requirement"":""EU"",""vendor_allowlist_required"":false}"
"biz-0705","test","business","it_security_admin","it_security","systems_security","v1","Draft a maintenance notice for a planned 20-minute VPN outage.","T0","synthetic_prior","low","low","small","false","{""data_sensitivity"":""moderate"",""regulated_domain"":false,""cloud_processing_allowed"":""yes"",""data_residency_requirement"":""EU"",""vendor_allowlist_required"":false}"
"biz-0706","test","business","software_engineering","engineering","software_delivery","new","Trace a production data-corruption bug across the identity service using partial logs, retries, asynchronous consumers, and a recent schema migration. Identify the most plausible causal chain and a safe recovery plan.","T3","synthetic_prior","high","high","large_or_complex","true","{""data_sensitivity"":""high"",""regulated_domain"":false,""cloud_processing_allowed"":""policy_check_required"",""data_residency_requirement"":""unspecified"",""vendor_allowlist_required"":true}"
"biz-0707","test","business","marketing_content","marketing","content_creation","new","Draft a 30-word email about the quarterly review.","T0","synthetic_prior","low","low","small","false","{""data_sensitivity"":""high"",""regulated_domain"":false,""cloud_processing_allowed"":""policy_check_required"",""data_residency_requirement"":""US"",""vendor_allowlist_required"":true}"
"biz-0708","test","business","business_strategy","executive_strategy","strategy_planning","v1","Advise whether Clearwater Financial should sell, raise capital, or remain independent. Integrate market timing, founder objectives, dilution, competitive dynamics, and scenario-weighted enterprise value.","T3","synthetic_prior","high","high","large_or_complex","false","{""data_sensitivity"":""low"",""regulated_domain"":false,""cloud_processing_allowed"":""yes"",""data_residency_requirement"":""US"",""vendor_allowlist_required"":false}"
"biz-0709","test","business","email_communication","finance","communication_drafting","v1","Create a four-email re-engagement sequence for dormant financial services leads. Each email should have a distinct purpose, avoid fake urgency, and build on the previous one.","T2","synthetic_prior","moderate_to_high","medium","medium_to_large","false","{""data_sensitivity"":""moderate"",""regulated_domain"":true,""cloud_processing_allowed"":""yes"",""data_residency_requirement"":""US"",""vendor_allowlist_required"":true}"
"biz-0710","test","business","data_spreadsheets","finance","data_analysis","new","Design a causal analysis plan for a revenue decline using the supplied transaction, pricing, marketing, and support data. Address confounding, missingness, and seasonality, and state what cannot be inferred observationally.","T3","synthetic_prior","high","high","large_or_complex","true","{""data_sensitivity"":""low"",""regulated_domain"":false,""cloud_processing_allowed"":""yes"",""data_residency_requirement"":""EU"",""vendor_allowlist_required"":false}"
"biz-0711","test","business","business_strategy","executive_strategy","strategy_planning","v1","Advise whether Cedar Health should sell, raise capital, or remain independent. Integrate market timing, founder objectives, dilution, competitive dynamics, and scenario-weighted enterprise value.","T3","synthetic_prior","high","high","large_or_complex","false","{""data_sensitivity"":""moderate"",""regulated_domain"":true,""cloud_processing_allowed"":""yes"",""data_residency_requirement"":""unspecified"",""vendor_allowlist_required"":true}"
"biz-0712","development","business","product_design","product","product_definition","v1","Prioritize this roadmap using customer value, strategic fit, evidence strength, engineering cost, and reversibility. Explain close calls.","T2","synthetic_prior","moderate_to_high","medium","medium_to_large","false","{""data_sensitivity"":""moderate"",""regulated_domain"":false,""cloud_processing_allowed"":""yes"",""data_residency_requirement"":""unspecified"",""vendor_allowlist_required"":false}"
"biz-0713","development","business","marketing_content","marketing","content_creation","new","Adapt this approved case study into a short email, a one-pager, and three social posts without adding results we cannot support.","T1","synthetic_prior","low_to_moderate","low_to_medium","small_to_medium","false","{""data_sensitivity"":""high"",""regulated_domain"":true,""cloud_processing_allowed"":""policy_check_required"",""data_residency_requirement"":""unspecified"",""vendor_allowlist_required"":true}"
"biz-0714","test","business","market_competitive_research","research_insights","research_analysis","v1","Analyze how a major regulatory change could reshape the competitive structure of financial services over five years. Model second-order effects, strategic responses, and alternative scenarios.","T3","synthetic_prior","high","high","large_or_complex","false","{""data_sensitivity"":""low"",""regulated_domain"":true,""cloud_processing_allowed"":""yes"",""data_residency_requirement"":""US"",""vendor_allowlist_required"":true}"
"biz-0715","test","business","marketing_content","marketing","content_creation","v1","Design a global launch narrative that must work across materially different regulatory and cultural contexts while remaining one coherent brand. Surface where localization requires product changes, not copy changes.","T3","synthetic_prior","high","high","large_or_complex","false","{""data_sensitivity"":""high"",""regulated_domain"":true,""cloud_processing_allowed"":""policy_check_required"",""data_residency_requirement"":""EU"",""vendor_allowlist_required"":true}"
"biz-0716","test","business","software_engineering","engineering","software_delivery","new","Design a zero-downtime migration of the ingestion pipeline to a partitioned event log without losing ordering guarantees.","T3","synthetic_prior","high","high","large_or_complex","false","{""data_sensitivity"":""high"",""regulated_domain"":false,""cloud_processing_allowed"":""policy_check_required"",""data_residency_requirement"":""EU"",""vendor_allowlist_required"":true}"
"biz-0717","test","business","market_competitive_research","research_insights","research_analysis","v1","Analyze how a major regulatory change could reshape the competitive structure of consumer subscriptions over five years. Model second-order effects, strategic responses, and alternative scenarios.","T3","synthetic_prior","high","high","large_or_complex","false","{""data_sensitivity"":""moderate"",""regulated_domain"":true,""cloud_processing_allowed"":""yes"",""data_residency_requirement"":""unspecified"",""vendor_allowlist_required"":true}"
"biz-0718","test","business","documents_summaries","legal_compliance","document_synthesis","new","Summarize this policy in three bullets for new employees.","T0","synthetic_prior","low","low","small","false","{""data_sensitivity"":""high"",""regulated_domain"":false,""cloud_processing_allowed"":""policy_check_required"",""data_residency_requirement"":""unspecified"",""vendor_allowlist_required"":true}"
"biz-0719","development","business","data_spreadsheets","analytics","data_analysis","new","Convert these DD/MM/YYYY dates into YYYY-MM-DD.","T0","synthetic_prior","low","low","small","false","{""data_sensitivity"":""low"",""regulated_domain"":false,""cloud_processing_allowed"":""yes"",""data_residency_requirement"":""US"",""vendor_allowlist_required"":false}"
"biz-0720","test","business","email_communication","executive_strategy","communication_drafting","new","Two executives give conflicting accounts of a verbal commitment made to a strategic partner. Using the supplied correspondence and meeting notes, determine the most defensible account and draft a message that protects both the relationship and the company.","T3","synthetic_prior","high","high","large_or_complex","true","{""data_sensitivity"":""low"",""regulated_domain"":true,""cloud_processing_allowed"":""yes"",""data_residency_requirement"":""unspecified"",""vendor_allowlist_required"":true}"
"biz-0721","test","business","documents_summaries","general_administration","document_synthesis","new","Turn these 20 bullets into a numbered checklist, keeping the original order.","T0","synthetic_prior","low","low","small","false","{""data_sensitivity"":""low"",""regulated_domain"":false,""cloud_processing_allowed"":""yes"",""data_residency_requirement"":""US"",""vendor_allowlist_required"":false}"
"biz-0722","development","business","people_finance_legal_ops","finance","corporate_operations","new","Assess whether to recognize revenue on a multi-year SaaS contract with variable consideration and side letters, presenting the competing interpretations and the evidence each requires.","T3","synthetic_prior","high","high","large_or_complex","false","{""data_sensitivity"":""low"",""regulated_domain"":false,""cloud_processing_allowed"":""yes"",""data_residency_requirement"":""US"",""vendor_allowlist_required"":false}"
"biz-0723","development","business","email_communication","sales","communication_drafting","v1","Draft a polished customer email explaining a two-week implementation delay, including the revised date, immediate workaround, and next update point.","T1","synthetic_prior","low_to_moderate","low_to_medium","small_to_medium","false","{""data_sensitivity"":""moderate"",""regulated_domain"":false,""cloud_processing_allowed"":""yes"",""data_residency_requirement"":""unspecified"",""vendor_allowlist_required"":false}"
"biz-0724","development","business","documents_summaries","general_administration","document_synthesis","new","Fix the grammar and punctuation in this one-page memo without changing its meaning.","T0","synthetic_prior","low","low","small","false","{""data_sensitivity"":""moderate"",""regulated_domain"":true,""cloud_processing_allowed"":""yes"",""data_residency_requirement"":""unspecified"",""vendor_allowlist_required"":true}"
"biz-0725","test","business","software_engineering","engineering","software_delivery","v1","Diagnose an intermittent duplicate-job bug in a Kubernetes on AWS service from the supplied code and logs. Propose a minimal fix, tests, and rollout safeguards.","T2","synthetic_prior","moderate_to_high","medium","medium_to_large","true","{""data_sensitivity"":""low"",""regulated_domain"":false,""cloud_processing_allowed"":""yes"",""data_residency_requirement"":""US"",""vendor_allowlist_required"":false}"
"biz-0726","development","business","software_engineering","engineering","software_delivery","new","Implement pagination, filtering, and sorting on this existing endpoint, following the repository pattern and adding unit tests.","T1","synthetic_prior","low_to_moderate","low_to_medium","small_to_medium","false","{""data_sensitivity"":""low"",""regulated_domain"":false,""cloud_processing_allowed"":""yes"",""data_residency_requirement"":""unspecified"",""vendor_allowlist_required"":false}"
"biz-0727","test","business","documents_summaries","sales","document_synthesis","new","Summarize this one-page memo in three bullets for prospective customers.","T0","synthetic_prior","low","low","small","false","{""data_sensitivity"":""low"",""regulated_domain"":true,""cloud_processing_allowed"":""yes"",""data_residency_requirement"":""unspecified"",""vendor_allowlist_required"":true}"
"biz-0728","development","business","software_engineering","engineering","software_delivery","new","Evaluate three competing architectures for a globally distributed collaboration product, reasoning about consistency, latency, conflict resolution, operability, and migration from the current system.","T3","synthetic_prior","high","high","large_or_complex","false","{""data_sensitivity"":""low"",""regulated_domain"":true,""cloud_processing_allowed"":""yes"",""data_residency_requirement"":""US"",""vendor_allowlist_required"":true}"
"biz-0729","test","business","software_engineering","engineering","software_delivery","new","Diagnose the intermittent stale cache in the schedule optimizer from the supplied code and logs, and propose a minimal fix with tests and rollout safeguards.","T2","synthetic_prior","moderate_to_high","medium","medium_to_large","true","{""data_sensitivity"":""low"",""regulated_domain"":false,""cloud_processing_allowed"":""yes"",""data_residency_requirement"":""EU"",""vendor_allowlist_required"":false}"
"biz-0730","test","business","email_communication","sales","communication_drafting","new","Draft a customer email explaining a two-week delay, including the revised date, a workaround, and when we will next update them. The tone should be warm and concise.","T1","synthetic_prior","low_to_moderate","low_to_medium","small_to_medium","false","{""data_sensitivity"":""moderate"",""regulated_domain"":true,""cloud_processing_allowed"":""yes"",""data_residency_requirement"":""EU"",""vendor_allowlist_required"":true}"
"biz-0731","test","business","people_finance_legal_ops","people_hr","corporate_operations","new","Model a restructuring that must cut cost while preserving incident response, meeting France consultation duties, and avoiding hidden single points of failure.","T3","synthetic_prior","high","high","large_or_complex","false","{""data_sensitivity"":""low"",""regulated_domain"":true,""cloud_processing_allowed"":""yes"",""data_residency_requirement"":""APAC"",""vendor_allowlist_required"":true}"
"biz-0732","test","business","documents_summaries","general_administration","document_synthesis","new","Summarize this vendor proposal into scope, fees, assumptions, exclusions, timeline, and the questions we still need to ask.","T1","synthetic_prior","low_to_moderate","low_to_medium","small_to_medium","false","{""data_sensitivity"":""low"",""regulated_domain"":true,""cloud_processing_allowed"":""yes"",""data_residency_requirement"":""unspecified"",""vendor_allowlist_required"":true}"
"biz-0733","test","business","data_spreadsheets","analytics","data_analysis","new","Write a Python formula that flags a row when inventory turns falls below the target in column F.","T0","synthetic_prior","low","low","small","false","{""data_sensitivity"":""moderate"",""regulated_domain"":false,""cloud_processing_allowed"":""yes"",""data_residency_requirement"":""unspecified"",""vendor_allowlist_required"":false}"
"biz-0734","test","business","documents_summaries","legal_compliance","document_synthesis","new","Reconcile the vendor contract, the market report, and the board minutes into an obligation matrix with conflicts, jurisdictional caveats, and questions for counsel.","T3","synthetic_prior","high","high","large_or_complex","false","{""data_sensitivity"":""moderate"",""regulated_domain"":true,""cloud_processing_allowed"":""yes"",""data_residency_requirement"":""unspecified"",""vendor_allowlist_required"":true}"
"biz-0735","test","business","business_strategy","executive_strategy","strategy_planning","new","Reconcile two business units that report net revenue retention differently and both claim the higher figure. Determine the defensible number and the control that prevents recurrence.","T3","synthetic_prior","high","high","large_or_complex","false","{""data_sensitivity"":""high"",""regulated_domain"":false,""cloud_processing_allowed"":""policy_check_required"",""data_residency_requirement"":""unspecified"",""vendor_allowlist_required"":true}"
"biz-0736","test","business","people_finance_legal_ops","finance","corporate_operations","new","Determine whether a proposed enablement plan is affordable under three revenue scenarios using the supplied unit economics, and identify the assumptions that would change the decision.","T3","synthetic_prior","high","high","large_or_complex","true","{""data_sensitivity"":""low"",""regulated_domain"":false,""cloud_processing_allowed"":""yes"",""data_residency_requirement"":""US"",""vendor_allowlist_required"":false}"
"biz-0737","test","business","software_engineering","engineering","software_delivery","new","Implement filtering on this endpoint following the existing repository pattern, with tests.","T1","synthetic_prior","low_to_moderate","low_to_medium","small_to_medium","false","{""data_sensitivity"":""low"",""regulated_domain"":false,""cloud_processing_allowed"":""yes"",""data_residency_requirement"":""unspecified"",""vendor_allowlist_required"":false}"
"biz-0738","test","business","documents_summaries","general_administration","document_synthesis","new","Summarize this RFP response into scope, fees, assumptions, exclusions, timeline, and the questions we still need to ask.","T1","synthetic_prior","low_to_moderate","low_to_medium","small_to_medium","false","{""data_sensitivity"":""moderate"",""regulated_domain"":false,""cloud_processing_allowed"":""yes"",""data_residency_requirement"":""unspecified"",""vendor_allowlist_required"":false}"
"biz-0739","test","business","marketing_content","marketing","content_creation","v1","Develop messaging pillars for expense-management service aimed at three buyer roles. Give each role a problem, promise, proof point, and objection response.","T2","synthetic_prior","moderate_to_high","medium","medium_to_large","false","{""data_sensitivity"":""high"",""regulated_domain"":false,""cloud_processing_allowed"":""policy_check_required"",""data_residency_requirement"":""unspecified"",""vendor_allowlist_required"":true}"
"biz-0740","development","business","software_engineering","engineering","software_delivery","v1","Evaluate three competing architectures for a globally distributed collaboration product. Reason about consistency, latency, conflict resolution, operability, and migration from the current system.","T3","synthetic_prior","high","high","large_or_complex","false","{""data_sensitivity"":""low"",""regulated_domain"":false,""cloud_processing_allowed"":""yes"",""data_residency_requirement"":""APAC"",""vendor_allowlist_required"":false}"
"biz-0741","test","business","software_engineering","engineering","software_delivery","new","Design a zero-downtime migration of the notification worker to a partitioned event log without losing ordering guarantees.","T3","synthetic_prior","high","high","large_or_complex","false","{""data_sensitivity"":""moderate"",""regulated_domain"":false,""cloud_processing_allowed"":""yes"",""data_residency_requirement"":""US"",""vendor_allowlist_required"":false}"
"biz-0742","test","business","data_spreadsheets","analytics","data_analysis","new","Write a Go formula that flags a row when cycle time falls below the target in column E.","T0","synthetic_prior","low","low","small","false","{""data_sensitivity"":""high"",""regulated_domain"":false,""cloud_processing_allowed"":""policy_check_required"",""data_residency_requirement"":""unspecified"",""vendor_allowlist_required"":true}"
"biz-0743","test","business","market_competitive_research","research_insights","research_analysis","v1","Analyze how a major regulatory change could reshape the competitive structure of logistics over five years. Model second-order effects, strategic responses, and alternative scenarios.","T3","synthetic_prior","high","high","large_or_complex","false","{""data_sensitivity"":""low"",""regulated_domain"":false,""cloud_processing_allowed"":""yes"",""data_residency_requirement"":""US"",""vendor_allowlist_required"":false}"
"biz-0744","test","business","documents_summaries","sales","document_synthesis","v1","Proofread this customer guide for grammar, duplicated sentences, and inconsistent terminology.","T0","synthetic_prior","low","low","small","false","{""data_sensitivity"":""moderate"",""regulated_domain"":false,""cloud_processing_allowed"":""yes"",""data_residency_requirement"":""unspecified"",""vendor_allowlist_required"":false}"
"biz-0745","test","business","product_design","product","product_definition","new","Create a 15-item QA checklist for the checkout flow.","T0","synthetic_prior","low","low","small","false","{""data_sensitivity"":""low"",""regulated_domain"":false,""cloud_processing_allowed"":""yes"",""data_residency_requirement"":""unspecified"",""vendor_allowlist_required"":false}"
"biz-0746","test","business","people_finance_legal_ops","people_hr","corporate_operations","new","Model a restructuring that must cut cost while preserving payments processing, meeting France consultation duties, and avoiding hidden single points of failure.","T3","synthetic_prior","high","high","large_or_complex","false","{""data_sensitivity"":""low"",""regulated_domain"":false,""cloud_processing_allowed"":""yes"",""data_residency_requirement"":""EU"",""vendor_allowlist_required"":false}"
"biz-0747","test","business","presentations","people_hr","presentation_creation","v1","Create a customer-training deck outline for expense-management service, including setup, core workflow, common mistakes, and support resources.","T1","synthetic_prior","low_to_moderate","low_to_medium","small_to_medium","true","{""data_sensitivity"":""low"",""regulated_domain"":false,""cloud_processing_allowed"":""yes"",""data_residency_requirement"":""unspecified"",""vendor_allowlist_required"":false}"
"biz-0748","test","business","classification_extraction","operations","classification_extraction","new","Classify each of these 12 job applicants into the three categories supplied, and return one label per row.","T0","synthetic_prior","low","low","small","true","{""data_sensitivity"":""low"",""regulated_domain"":false,""cloud_processing_allowed"":""yes"",""data_residency_requirement"":""APAC"",""vendor_allowlist_required"":false}"
"biz-0749","test","business","documents_summaries","people_hr","document_synthesis","new","Rewrite this one-page memo so a new employee can follow it, keeping every step in order.","T0","synthetic_prior","low","low","small","false","{""data_sensitivity"":""moderate"",""regulated_domain"":false,""cloud_processing_allowed"":""yes"",""data_residency_requirement"":""US"",""vendor_allowlist_required"":false}"
"biz-0750","test","business","software_engineering","engineering","software_delivery","v1","Convert this small Python function to JavaScript while preserving behavior.","T0","synthetic_prior","low","low","small","false","{""data_sensitivity"":""high"",""regulated_domain"":false,""cloud_processing_allowed"":""policy_check_required"",""data_residency_requirement"":""US"",""vendor_allowlist_required"":true}"
"biz-0751","test","business","data_spreadsheets","analytics","data_analysis","new","Build a driver-based pricing model for Harbor & Finch with assumptions, scenario toggles, and integrity checks that catch broken links.","T2","synthetic_prior","moderate_to_high","medium","medium_to_large","false","{""data_sensitivity"":""high"",""regulated_domain"":false,""cloud_processing_allowed"":""policy_check_required"",""data_residency_requirement"":""unspecified"",""vendor_allowlist_required"":true}"
"biz-0752","test","business","it_security_admin","it_security","systems_security","new","Investigate a suspected insider exfiltration spanning CI and the edge network. Build competing hypotheses and an evidence-preserving containment plan.","T3","synthetic_prior","high","high","large_or_complex","false","{""data_sensitivity"":""low"",""regulated_domain"":false,""cloud_processing_allowed"":""yes"",""data_residency_requirement"":""unspecified"",""vendor_allowlist_required"":false}"
"biz-0753","test","business","documents_summaries","people_hr","document_synthesis","new","Rewrite this project brief so a new employee can follow it, keeping every step in order.","T0","synthetic_prior","low","low","small","false","{""data_sensitivity"":""low"",""regulated_domain"":true,""cloud_processing_allowed"":""yes"",""data_residency_requirement"":""unspecified"",""vendor_allowlist_required"":true}"
"biz-0754","test","business","business_strategy","executive_strategy","strategy_planning","new","Turn the the internal policy and the two attached spreadsheets into a one-page brief covering variances, risks, and the decisions still needed.","T1","synthetic_prior","low_to_moderate","low_to_medium","small_to_medium","true","{""data_sensitivity"":""moderate"",""regulated_domain"":false,""cloud_processing_allowed"":""yes"",""data_residency_requirement"":""EU"",""vendor_allowlist_required"":false}"
"biz-0755","test","business","sales_customer_support","sales","customer_revenue_work","v1","Create a discovery-call question set for an operations director evaluating inventory planning platform, organized by workflow, impact, decision process, and timing.","T1","synthetic_prior","low_to_moderate","low_to_medium","small_to_medium","false","{""data_sensitivity"":""low"",""regulated_domain"":false,""cloud_processing_allowed"":""yes"",""data_residency_requirement"":""US"",""vendor_allowlist_required"":false}"
"biz-0756","test","business","market_competitive_research","research_insights","research_analysis","new","Assess the competitive landscape for expense-management service in the UK and Ireland, segmenting competitors by business model and buyer, distinguishing sourced facts from inference, and naming the evidence gaps.","T2","synthetic_prior","moderate_to_high","medium","medium_to_large","true","{""data_sensitivity"":""high"",""regulated_domain"":true,""cloud_processing_allowed"":""policy_check_required"",""data_residency_requirement"":""APAC"",""vendor_allowlist_required"":true}"
"biz-0757","test","business","marketing_content","marketing","content_creation","new","Draft a 15-word email about the policy change.","T0","synthetic_prior","low","low","small","false","{""data_sensitivity"":""low"",""regulated_domain"":false,""cloud_processing_allowed"":""yes"",""data_residency_requirement"":""unspecified"",""vendor_allowlist_required"":false}"
"biz-0758","test","business","documents_summaries","general_administration","document_synthesis","new","Summarize this supplier agreement into scope, fees, assumptions, exclusions, timeline, and the questions we still need to ask.","T1","synthetic_prior","low_to_moderate","low_to_medium","small_to_medium","false","{""data_sensitivity"":""low"",""regulated_domain"":false,""cloud_processing_allowed"":""yes"",""data_residency_requirement"":""EU"",""vendor_allowlist_required"":false}"
"biz-0759","test","business","people_finance_legal_ops","finance","corporate_operations","new","Determine whether a proposed launch plan is affordable under three revenue scenarios using the supplied unit economics, and identify the assumptions that would change the decision.","T3","synthetic_prior","high","high","large_or_complex","true","{""data_sensitivity"":""low"",""regulated_domain"":true,""cloud_processing_allowed"":""yes"",""data_residency_requirement"":""US"",""vendor_allowlist_required"":true}"
"biz-0760","development","business","business_strategy","executive_strategy","strategy_planning","v1","Diagnose a three-year strategy failure using board plans, operating metrics, customer evidence, and organizational changes. Separate execution failure from a flawed thesis.","T3","synthetic_prior","high","high","large_or_complex","false","{""data_sensitivity"":""moderate"",""regulated_domain"":true,""cloud_processing_allowed"":""yes"",""data_residency_requirement"":""APAC"",""vendor_allowlist_required"":true}"
"biz-0761","test","business","market_competitive_research","research_insights","research_analysis","new","Assess the competitive landscape for telehealth portal in DACH, separating sourced facts from inference and naming the evidence gaps.","T2","synthetic_prior","moderate_to_high","medium","medium_to_large","true","{""data_sensitivity"":""moderate"",""regulated_domain"":false,""cloud_processing_allowed"":""yes"",""data_residency_requirement"":""APAC"",""vendor_allowlist_required"":false}"
"biz-0762","test","business","documents_summaries","general_administration","document_synthesis","new","Summarize this statement of work into scope, fees, assumptions, exclusions, timeline, and the questions we still need to ask.","T1","synthetic_prior","low_to_moderate","low_to_medium","small_to_medium","false","{""data_sensitivity"":""low"",""regulated_domain"":false,""cloud_processing_allowed"":""yes"",""data_residency_requirement"":""unspecified"",""vendor_allowlist_required"":false}"
"biz-0763","test","business","email_communication","sales","communication_drafting","v1","Write three subject-line options for an email inviting regional managers to a 30-minute product demo.","T0","synthetic_prior","low","low","small","false","{""data_sensitivity"":""moderate"",""regulated_domain"":false,""cloud_processing_allowed"":""yes"",""data_residency_requirement"":""APAC"",""vendor_allowlist_required"":false}"
"biz-0764","development","business","email_communication","finance","communication_drafting","v1","Write an executive response to a missed-quarter email. Acknowledge the result, distinguish controllable from external causes, and assign next steps without blaming the team.","T2","synthetic_prior","moderate_to_high","medium","medium_to_large","false","{""data_sensitivity"":""high"",""regulated_domain"":true,""cloud_processing_allowed"":""policy_check_required"",""data_residency_requirement"":""unspecified"",""vendor_allowlist_required"":true}"
"biz-0765","test","business","data_spreadsheets","analytics","data_analysis","new","Write a TypeScript formula that flags a row when on-time delivery falls below the target in column D.","T0","synthetic_prior","low","low","small","false","{""data_sensitivity"":""moderate"",""regulated_domain"":true,""cloud_processing_allowed"":""yes"",""data_residency_requirement"":""EU"",""vendor_allowlist_required"":true}"
"biz-0766","development","business","data_spreadsheets","finance","data_analysis","new","Write a formula that flags a row when the invoice date is more than 30 days before the payment date and the amount exceeds 10,000.","T0","synthetic_prior","low","low","small","false","{""data_sensitivity"":""high"",""regulated_domain"":false,""cloud_processing_allowed"":""policy_check_required"",""data_residency_requirement"":""APAC"",""vendor_allowlist_required"":true}"
"biz-0767","test","business","software_engineering","engineering","software_delivery","new","Add a docstring and one usage example to the Ruby function below.","T0","synthetic_prior","low","low","small","false","{""data_sensitivity"":""high"",""regulated_domain"":false,""cloud_processing_allowed"":""policy_check_required"",""data_residency_requirement"":""unspecified"",""vendor_allowlist_required"":true}"
"biz-0768","test","business","documents_summaries","legal_compliance","document_synthesis","new","Reconcile the outside-counsel memo, the diligence memo, and the board minutes into an obligation matrix with conflicts, jurisdictional caveats, and questions for counsel.","T3","synthetic_prior","high","high","large_or_complex","false","{""data_sensitivity"":""low"",""regulated_domain"":false,""cloud_processing_allowed"":""yes"",""data_residency_requirement"":""EU"",""vendor_allowlist_required"":false}"
"biz-0769","test","business","email_communication","legal_compliance","communication_drafting","new","Prepare outage communications for regulated customers in three countries, producing internal, customer, regulator, and public versions that stay factually consistent while meeting different disclosure obligations.","T3","synthetic_prior","high","high","large_or_complex","false","{""data_sensitivity"":""moderate"",""regulated_domain"":false,""cloud_processing_allowed"":""yes"",""data_residency_requirement"":""US"",""vendor_allowlist_required"":false}"
"biz-0770","test","business","marketing_content","marketing","content_creation","new","Build a 12-month enablement plan for prospective customers covering channels, owners, and review points.","T1","synthetic_prior","low_to_moderate","low_to_medium","small_to_medium","false","{""data_sensitivity"":""low"",""regulated_domain"":true,""cloud_processing_allowed"":""yes"",""data_residency_requirement"":""unspecified"",""vendor_allowlist_required"":true}"
"biz-0771","test","business","presentations","legal_compliance","presentation_creation","new","Create an executive presentation on a four-business-unit restructuring that balances financial necessity, employee impact, operational dependencies, and legal uncertainty without false precision.","T3","synthetic_prior","high","high","large_or_complex","false","{""data_sensitivity"":""moderate"",""regulated_domain"":false,""cloud_processing_allowed"":""yes"",""data_residency_requirement"":""US"",""vendor_allowlist_required"":false}"
"biz-0772","development","business","product_design","product","product_definition","v1","Review this signup flow and identify confusing copy, missing states, accessibility issues, and likely abandonment points.","T1","synthetic_prior","low_to_moderate","low_to_medium","small_to_medium","false","{""data_sensitivity"":""moderate"",""regulated_domain"":false,""cloud_processing_allowed"":""yes"",""data_residency_requirement"":""unspecified"",""vendor_allowlist_required"":false}"
"biz-0773","test","business","business_strategy","executive_strategy","strategy_planning","new","Turn the the research notes and the two attached spreadsheets into an action plan covering variances, risks, and the decisions still needed.","T1","synthetic_prior","low_to_moderate","low_to_medium","small_to_medium","true","{""data_sensitivity"":""moderate"",""regulated_domain"":false,""cloud_processing_allowed"":""yes"",""data_residency_requirement"":""unspecified"",""vendor_allowlist_required"":false}"
"biz-0774","test","business","marketing_content","marketing","content_creation","new","Write a launch FAQ for inventory planning platform using the supplied positioning, proof points, and prohibited claims.","T1","synthetic_prior","low_to_moderate","low_to_medium","small_to_medium","true","{""data_sensitivity"":""low"",""regulated_domain"":false,""cloud_processing_allowed"":""yes"",""data_residency_requirement"":""US"",""vendor_allowlist_required"":false}"
"biz-0775","test","business","classification_extraction","operations","classification_extraction","new","Extract the region from each of these 30 short records into a single CSV.","T0","synthetic_prior","low","low","small","false","{""data_sensitivity"":""moderate"",""regulated_domain"":false,""cloud_processing_allowed"":""yes"",""data_residency_requirement"":""unspecified"",""vendor_allowlist_required"":false}"
"biz-0776","test","business","data_spreadsheets","finance","data_analysis","v1","Reconcile financial results across ERP exports, board reports, and regional spreadsheets that use different currencies, calendars, and recognition rules. Produce an auditable bridge.","T3","synthetic_prior","high","high","large_or_complex","true","{""data_sensitivity"":""moderate"",""regulated_domain"":false,""cloud_processing_allowed"":""yes"",""data_residency_requirement"":""APAC"",""vendor_allowlist_required"":false}"
"biz-0777","test","business","presentations","general_administration","presentation_creation","v1","Turn this five-page project memo into an eight-slide presentation with takeaway titles, concise body copy, and speaker notes.","T1","synthetic_prior","low_to_moderate","low_to_medium","small_to_medium","false","{""data_sensitivity"":""low"",""regulated_domain"":true,""cloud_processing_allowed"":""yes"",""data_residency_requirement"":""unspecified"",""vendor_allowlist_required"":true}"
"biz-0778","development","business","classification_extraction","people_hr","classification_extraction","new","Normalize these 80 job titles into the supplied 12-role hierarchy, following the mapping rules and flagging any title that plausibly fits two roles.","T1","synthetic_prior","low_to_moderate","low_to_medium","small_to_medium","true","{""data_sensitivity"":""low"",""regulated_domain"":false,""cloud_processing_allowed"":""yes"",""data_residency_requirement"":""unspecified"",""vendor_allowlist_required"":false}"
"biz-0779","test","business","business_strategy","executive_strategy","strategy_planning","new","Reconcile two business units that report gross margin differently and both claim the higher figure. Determine the defensible number and the control that prevents recurrence.","T3","synthetic_prior","high","high","large_or_complex","false","{""data_sensitivity"":""low"",""regulated_domain"":false,""cloud_processing_allowed"":""yes"",""data_residency_requirement"":""unspecified"",""vendor_allowlist_required"":false}"
"biz-0780","test","business","classification_extraction","finance","classification_extraction","new","Extract the invoice number from each of these 10 short records into a single CSV.","T0","synthetic_prior","low","low","small","false","{""data_sensitivity"":""low"",""regulated_domain"":true,""cloud_processing_allowed"":""yes"",""data_residency_requirement"":""US"",""vendor_allowlist_required"":true}"
"biz-0781","test","business","sales_customer_support","customer_support","customer_revenue_work","new","Develop an enterprise account strategy for a strategic enterprise account from two years of calls, tickets, and contract history. Model stakeholder incentives and failure modes.","T3","synthetic_prior","high","high","large_or_complex","false","{""data_sensitivity"":""high"",""regulated_domain"":false,""cloud_processing_allowed"":""policy_check_required"",""data_residency_requirement"":""unspecified"",""vendor_allowlist_required"":true}"
"biz-0782","development","business","email_communication","sales","communication_drafting","v1","Fix the grammar and tighten this note without changing its meaning: “We seen a lower response rate this month and need everyone to make sure the CRM is updated.”","T0","synthetic_prior","low","low","small","false","{""data_sensitivity"":""high"",""regulated_domain"":true,""cloud_processing_allowed"":""policy_check_required"",""data_residency_requirement"":""US"",""vendor_allowlist_required"":true}"
"biz-0783","development","business","meetings_collaboration","operations","meeting_synthesis","new","Two teams give incompatible accounts of the same steering-committee decision. Reconstruct the most defensible version, identify what each side omits, and specify what must be confirmed before work continues.","T3","synthetic_prior","high","high","large_or_complex","false","{""data_sensitivity"":""low"",""regulated_domain"":false,""cloud_processing_allowed"":""yes"",""data_residency_requirement"":""US"",""vendor_allowlist_required"":false}"
"biz-0784","test","business","it_security_admin","it_security","systems_security","new","Design a least-privilege access model for a security engineer across GitHub, and state how it would be tested.","T2","synthetic_prior","moderate_to_high","medium","medium_to_large","false","{""data_sensitivity"":""moderate"",""regulated_domain"":false,""cloud_processing_allowed"":""yes"",""data_residency_requirement"":""unspecified"",""vendor_allowlist_required"":false}"
"biz-0785","test","business","market_competitive_research","research_insights","research_analysis","new","Assess the competitive landscape for expense-management service in the US Midwest, separating sourced facts from inference and naming the evidence gaps.","T2","synthetic_prior","moderate_to_high","medium","medium_to_large","true","{""data_sensitivity"":""low"",""regulated_domain"":false,""cloud_processing_allowed"":""yes"",""data_residency_requirement"":""EU"",""vendor_allowlist_required"":false}"
"biz-0786","development","business","business_strategy","executive_strategy","strategy_planning","v1","Compare three proposed growth initiatives using strategic fit, expected impact, effort, evidence strength, and reversibility.","T1","synthetic_prior","low_to_moderate","low_to_medium","small_to_medium","false","{""data_sensitivity"":""high"",""regulated_domain"":false,""cloud_processing_allowed"":""policy_check_required"",""data_residency_requirement"":""APAC"",""vendor_allowlist_required"":true}"
"biz-0787","test","business","business_strategy","executive_strategy","strategy_planning","new","Reconcile two business units that report inventory turns differently and both claim the higher figure. Determine the defensible number and the control that prevents recurrence.","T3","synthetic_prior","high","high","large_or_complex","false","{""data_sensitivity"":""high"",""regulated_domain"":false,""cloud_processing_allowed"":""policy_check_required"",""data_residency_requirement"":""US"",""vendor_allowlist_required"":true}"
"biz-0788","test","business","software_engineering","engineering","software_delivery","new","Design a zero-downtime migration of the billing service to a sharded setup without losing ordering guarantees.","T3","synthetic_prior","high","high","large_or_complex","false","{""data_sensitivity"":""moderate"",""regulated_domain"":false,""cloud_processing_allowed"":""yes"",""data_residency_requirement"":""EU"",""vendor_allowlist_required"":false}"
"biz-0789","test","business","data_spreadsheets","finance","data_analysis","v1","Build a causal analysis plan for a revenue decline using transaction, pricing, marketing, and support data. Address confounding, missingness, seasonality, and what cannot be inferred observationally.","T3","synthetic_prior","high","high","large_or_complex","false","{""data_sensitivity"":""high"",""regulated_domain"":true,""cloud_processing_allowed"":""policy_check_required"",""data_residency_requirement"":""EU"",""vendor_allowlist_required"":true}"
"biz-0790","test","business","business_strategy","executive_strategy","strategy_planning","v1","Develop three strategic options for entering North America, with required capabilities, leading indicators, reversibility, and explicit kill criteria.","T2","synthetic_prior","moderate_to_high","medium","medium_to_large","false","{""data_sensitivity"":""low"",""regulated_domain"":false,""cloud_processing_allowed"":""yes"",""data_residency_requirement"":""US"",""vendor_allowlist_required"":false}"
"biz-0791","development","business","it_security_admin","it_security","systems_security","new","Investigate a suspected supply-chain compromise spanning CI, package registries, cloud identities, and production workloads. Build competing hypotheses, an evidence-preserving containment plan, and explicit recovery gates.","T3","synthetic_prior","high","high","large_or_complex","false","{""data_sensitivity"":""high"",""regulated_domain"":true,""cloud_processing_allowed"":""policy_check_required"",""data_residency_requirement"":""EU"",""vendor_allowlist_required"":true}"
"biz-0792","test","business","product_design","product","product_definition","new","Synthesize 60 support calls into jobs, pains, and opportunity areas, preserving contradictory segments rather than forcing one persona.","T2","synthetic_prior","moderate_to_high","medium","medium_to_large","false","{""data_sensitivity"":""low"",""regulated_domain"":false,""cloud_processing_allowed"":""yes"",""data_residency_requirement"":""unspecified"",""vendor_allowlist_required"":false}"
"biz-0793","test","business","classification_extraction","operations","classification_extraction","v1","Resolve entities and relationships across multilingual corporate filings, subsidiaries, former names, and joint ventures, producing an auditable ownership graph with uncertainty.","T3","synthetic_prior","high","high","large_or_complex","true","{""data_sensitivity"":""moderate"",""regulated_domain"":false,""cloud_processing_allowed"":""yes"",""data_residency_requirement"":""unspecified"",""vendor_allowlist_required"":false}"
"biz-0794","test","business","sales_customer_support","customer_support","customer_revenue_work","v1","Develop an enterprise account strategy from two years of calls, tickets, product usage, org changes, and contract history. Model stakeholder incentives and identify the most credible expansion path and failure modes.","T3","synthetic_prior","high","high","large_or_complex","false","{""data_sensitivity"":""moderate"",""regulated_domain"":true,""cloud_processing_allowed"":""yes"",""data_residency_requirement"":""unspecified"",""vendor_allowlist_required"":true}"
"biz-0795","development","business","product_design","product","product_definition","v1","Synthesize 18 user interviews into jobs, pains, workarounds, and opportunity areas. Preserve contradictory segments rather than forcing one persona.","T2","synthetic_prior","moderate_to_high","medium","medium_to_large","false","{""data_sensitivity"":""low"",""regulated_domain"":false,""cloud_processing_allowed"":""yes"",""data_residency_requirement"":""unspecified"",""vendor_allowlist_required"":false}"
"biz-0796","test","business","marketing_content","marketing","content_creation","new","Reposition a mature warehouse analytics product whose category is commoditizing, using win/loss research and competitor claims, and identify the claims we cannot support.","T3","synthetic_prior","high","high","large_or_complex","false","{""data_sensitivity"":""low"",""regulated_domain"":false,""cloud_processing_allowed"":""yes"",""data_residency_requirement"":""unspecified"",""vendor_allowlist_required"":false}"
"biz-0797","test","business","product_design","product","product_definition","new","Create a 30-question discovery guide for a security engineer evaluating learning-management platform.","T1","synthetic_prior","low_to_moderate","low_to_medium","small_to_medium","false","{""data_sensitivity"":""low"",""regulated_domain"":true,""cloud_processing_allowed"":""yes"",""data_residency_requirement"":""unspecified"",""vendor_allowlist_required"":true}"
"biz-0798","test","business","classification_extraction","legal_compliance","classification_extraction","v1","Extract obligations, exceptions, effective dates, and responsible parties from these varied policy documents, linking every field to its source passage.","T2","synthetic_prior","moderate_to_high","medium","medium_to_large","true","{""data_sensitivity"":""moderate"",""regulated_domain"":true,""cloud_processing_allowed"":""yes"",""data_residency_requirement"":""unspecified"",""vendor_allowlist_required"":true}"
"biz-0799","development","business","documents_summaries","sales","document_synthesis","new","Synthesize five customer-interview summaries into themes, counterexamples, and open questions, separating how often something was said from how important it appears to be.","T2","synthetic_prior","moderate_to_high","medium","medium_to_large","false","{""data_sensitivity"":""low"",""regulated_domain"":false,""cloud_processing_allowed"":""yes"",""data_residency_requirement"":""unspecified"",""vendor_allowlist_required"":false}"
"biz-0800","test","business","business_strategy","executive_strategy","strategy_planning","new","Turn the the attached transcript and the two attached spreadsheets into a structured comparison covering variances, risks, and the decisions still needed.","T1","synthetic_prior","low_to_moderate","low_to_medium","small_to_medium","true","{""data_sensitivity"":""high"",""regulated_domain"":false,""cloud_processing_allowed"":""policy_check_required"",""data_residency_requirement"":""APAC"",""vendor_allowlist_required"":true}"
"biz-0801","development","business","it_security_admin","it_security","systems_security","new","Plan recovery from a regional cloud failure combined with corrupted backups and uncertain replication state, prioritizing data integrity over superficial availability and stating what must be verified before service is restored.","T3","synthetic_prior","high","high","large_or_complex","false","{""data_sensitivity"":""moderate"",""regulated_domain"":false,""cloud_processing_allowed"":""yes"",""data_residency_requirement"":""unspecified"",""vendor_allowlist_required"":false}"
"biz-0802","test","business","data_spreadsheets","analytics","data_analysis","new","Write a SQL query that returns support backlog by region for the last 60 days.","T0","synthetic_prior","low","low","small","false","{""data_sensitivity"":""moderate"",""regulated_domain"":false,""cloud_processing_allowed"":""yes"",""data_residency_requirement"":""EU"",""vendor_allowlist_required"":false}"
"biz-0803","test","business","meetings_collaboration","operations","meeting_synthesis","new","Turn these 10 project updates into an action plan with owners, dates, and dependencies.","T1","synthetic_prior","low_to_moderate","low_to_medium","small_to_medium","false","{""data_sensitivity"":""low"",""regulated_domain"":false,""cloud_processing_allowed"":""yes"",""data_residency_requirement"":""EU"",""vendor_allowlist_required"":false}"
"biz-0804","test","business","sales_customer_support","customer_support","customer_revenue_work","v1","Write a follow-up note after a discovery call, recapping the customer’s three stated priorities and the agreed next step.","T0","synthetic_prior","low","low","small","false","{""data_sensitivity"":""moderate"",""regulated_domain"":true,""cloud_processing_allowed"":""yes"",""data_residency_requirement"":""EU"",""vendor_allowlist_required"":true}"
"biz-0805","test","business","product_design","product","product_definition","new","Create a 40-item QA checklist for the invoice approval flow.","T0","synthetic_prior","low","low","small","false","{""data_sensitivity"":""low"",""regulated_domain"":false,""cloud_processing_allowed"":""yes"",""data_residency_requirement"":""unspecified"",""vendor_allowlist_required"":false}"
"biz-0806","test","business","documents_summaries","executive_strategy","document_synthesis","v1","Turn a 35-page technical report into a two-page executive brief for a skeptical CFO, preserving uncertainty and the limits of the analysis.","T2","synthetic_prior","moderate_to_high","medium","medium_to_large","false","{""data_sensitivity"":""high"",""regulated_domain"":false,""cloud_processing_allowed"":""policy_check_required"",""data_residency_requirement"":""APAC"",""vendor_allowlist_required"":true}"
"biz-0807","development","business","sales_customer_support","customer_support","customer_revenue_work","v1","Summarize this sales call into customer goals, current process, objections, stakeholders, next steps, and CRM-ready notes.","T1","synthetic_prior","low_to_moderate","low_to_medium","small_to_medium","false","{""data_sensitivity"":""low"",""regulated_domain"":false,""cloud_processing_allowed"":""yes"",""data_residency_requirement"":""EU"",""vendor_allowlist_required"":false}"
"biz-0808","test","business","marketing_content","marketing","content_creation","new","Write a campaign brief for procurement marketplace using the supplied positioning, proof points, and prohibited claims.","T1","synthetic_prior","low_to_moderate","low_to_medium","small_to_medium","true","{""data_sensitivity"":""high"",""regulated_domain"":false,""cloud_processing_allowed"":""policy_check_required"",""data_residency_requirement"":""EU"",""vendor_allowlist_required"":true}"
"biz-0809","development","business","it_security_admin","it_security","systems_security","new","Redesign the security architecture of a multi-tenant regulated platform after two near misses, integrating threat modeling, identity boundaries, data isolation, and operational feasibility.","T3","synthetic_prior","high","high","large_or_complex","false","{""data_sensitivity"":""moderate"",""regulated_domain"":true,""cloud_processing_allowed"":""yes"",""data_residency_requirement"":""US"",""vendor_allowlist_required"":true}"
"biz-0810","development","business","marketing_content","marketing","content_creation","v1","Adapt this case study into a short email, a sales one-pager, and five social posts without adding unsupported results.","T1","synthetic_prior","low_to_moderate","low_to_medium","small_to_medium","false","{""data_sensitivity"":""low"",""regulated_domain"":false,""cloud_processing_allowed"":""yes"",""data_residency_requirement"":""unspecified"",""vendor_allowlist_required"":false}"
"biz-0811","test","business","software_engineering","engineering","software_delivery","new","Split this notification module into focused files without changing behavior, and add tests for the extracted parts.","T1","synthetic_prior","low_to_moderate","low_to_medium","small_to_medium","false","{""data_sensitivity"":""moderate"",""regulated_domain"":false,""cloud_processing_allowed"":""yes"",""data_residency_requirement"":""unspecified"",""vendor_allowlist_required"":false}"
"biz-0812","development","business","product_design","product","product_definition","v1","Create a basic QA checklist for a password-reset flow.","T0","synthetic_prior","low","low","small","false","{""data_sensitivity"":""low"",""regulated_domain"":false,""cloud_processing_allowed"":""yes"",""data_residency_requirement"":""unspecified"",""vendor_allowlist_required"":false}"
"biz-0813","test","business","marketing_content","marketing","content_creation","new","Develop messaging pillars for telehealth portal across three buyer roles, giving each role a problem, a promise, a proof point, and an objection response.","T2","synthetic_prior","moderate_to_high","medium","medium_to_large","false","{""data_sensitivity"":""low"",""regulated_domain"":false,""cloud_processing_allowed"":""yes"",""data_residency_requirement"":""EU"",""vendor_allowlist_required"":false}"
"biz-0814","test","business","marketing_content","marketing","content_creation","new","Write a launch FAQ for employee scheduling app using the supplied positioning, proof points, and prohibited claims.","T1","synthetic_prior","low_to_moderate","low_to_medium","small_to_medium","true","{""data_sensitivity"":""high"",""regulated_domain"":false,""cloud_processing_allowed"":""policy_check_required"",""data_residency_requirement"":""unspecified"",""vendor_allowlist_required"":true}"
"biz-0815","test","business","marketing_content","marketing","content_creation","v1","Write five concise LinkedIn captions announcing a webinar for customer-support suite. Avoid emojis and exaggerated claims.","T0","synthetic_prior","low","low","small","false","{""data_sensitivity"":""high"",""regulated_domain"":true,""cloud_processing_allowed"":""policy_check_required"",""data_residency_requirement"":""unspecified"",""vendor_allowlist_required"":true}"
"biz-0816","test","business","it_security_admin","it_security","systems_security","v1","Plan a zero-downtime migration from self-hosted PostgreSQL to a managed service, with rollback points and data-consistency checks.","T2","synthetic_prior","moderate_to_high","medium","medium_to_large","false","{""data_sensitivity"":""low"",""regulated_domain"":true,""cloud_processing_allowed"":""yes"",""data_residency_requirement"":""EU"",""vendor_allowlist_required"":true}"
"biz-0817","test","business","business_strategy","executive_strategy","strategy_planning","v1","Recommend how Juniper Retail should allocate a fixed growth budget across retention, expansion, and new acquisition. Use the supplied unit economics and state the assumptions driving the recommendation.","T2","synthetic_prior","moderate_to_high","medium","medium_to_large","true","{""data_sensitivity"":""low"",""regulated_domain"":false,""cloud_processing_allowed"":""yes"",""data_residency_requirement"":""unspecified"",""vendor_allowlist_required"":false}"
"biz-0818","test","business","sales_customer_support","customer_support","customer_revenue_work","new","Develop an enterprise account strategy for a top-10 account from two years of calls, tickets, and contract history. Model stakeholder incentives and failure modes.","T3","synthetic_prior","high","high","large_or_complex","false","{""data_sensitivity"":""moderate"",""regulated_domain"":false,""cloud_processing_allowed"":""yes"",""data_residency_requirement"":""APAC"",""vendor_allowlist_required"":false}"
"biz-0819","development","business","presentations","general_administration","presentation_creation","v1","Create a 12-slide investor-update narrative from the supplied metrics. Lead with the central tension, specify the chart on each slide, and avoid hiding the missed target.","T2","synthetic_prior","moderate_to_high","medium","medium_to_large","true","{""data_sensitivity"":""moderate"",""regulated_domain"":false,""cloud_processing_allowed"":""yes"",""data_residency_requirement"":""unspecified"",""vendor_allowlist_required"":false}"
"biz-0820","test","business","it_security_admin","it_security","systems_security","v1","Review these server metrics and logs for the likely cause of a disk-space alert, then provide safe diagnostic and remediation commands.","T1","synthetic_prior","low_to_moderate","low_to_medium","small_to_medium","true","{""data_sensitivity"":""moderate"",""regulated_domain"":false,""cloud_processing_allowed"":""yes"",""data_residency_requirement"":""unspecified"",""vendor_allowlist_required"":false}"
"biz-0821","development","business","market_competitive_research","research_insights","research_analysis","v1","Estimate a defensible TAM, SAM, and SOM range for a healthcare operations product using the supplied source set, showing assumptions and avoiding double-counting.","T2","synthetic_prior","moderate_to_high","medium","medium_to_large","true","{""data_sensitivity"":""low"",""regulated_domain"":false,""cloud_processing_allowed"":""yes"",""data_residency_requirement"":""unspecified"",""vendor_allowlist_required"":false}"
"biz-0822","test","business","software_engineering","engineering","software_delivery","new","Trace a production data-corruption bug across the billing service and the payments gateway using partial logs, retries, and a recent migration. Identify the most plausible causal chain and a safe recovery plan.","T3","synthetic_prior","high","high","large_or_complex","true","{""data_sensitivity"":""moderate"",""regulated_domain"":false,""cloud_processing_allowed"":""yes"",""data_residency_requirement"":""EU"",""vendor_allowlist_required"":false}"
"biz-0823","development","business","email_communication","finance","communication_drafting","v1","Rewrite this tense exchange between Sales and Finance into a neutral decision memo and a separate email that both teams can accept. Preserve the unresolved disagreement.","T2","synthetic_prior","moderate_to_high","medium","medium_to_large","false","{""data_sensitivity"":""low"",""regulated_domain"":true,""cloud_processing_allowed"":""yes"",""data_residency_requirement"":""US"",""vendor_allowlist_required"":true}"
"biz-0824","development","business","business_strategy","executive_strategy","strategy_planning","v1","Redesign the portfolio strategy for a multi-business company whose profitable legacy unit funds a fast-growing but structurally different product. Address capital allocation and organizational conflict.","T3","synthetic_prior","high","high","large_or_complex","false","{""data_sensitivity"":""low"",""regulated_domain"":false,""cloud_processing_allowed"":""yes"",""data_residency_requirement"":""unspecified"",""vendor_allowlist_required"":false}"
"biz-0825","test","business","business_strategy","executive_strategy","strategy_planning","new","Turn the the research notes and the two attached spreadsheets into a risk register covering variances, risks, and the decisions still needed.","T1","synthetic_prior","low_to_moderate","low_to_medium","small_to_medium","true","{""data_sensitivity"":""moderate"",""regulated_domain"":true,""cloud_processing_allowed"":""yes"",""data_residency_requirement"":""US"",""vendor_allowlist_required"":true}"
"biz-0826","test","business","meetings_collaboration","operations","meeting_synthesis","new","Turn these 12 project updates into an action plan with owners, dates, and dependencies.","T1","synthetic_prior","low_to_moderate","low_to_medium","small_to_medium","false","{""data_sensitivity"":""high"",""regulated_domain"":true,""cloud_processing_allowed"":""policy_check_required"",""data_residency_requirement"":""unspecified"",""vendor_allowlist_required"":true}"
"biz-0827","test","business","meetings_collaboration","operations","meeting_synthesis","new","Turn these 12 field reports into a risk register with owners, dates, and dependencies.","T1","synthetic_prior","low_to_moderate","low_to_medium","small_to_medium","true","{""data_sensitivity"":""low"",""regulated_domain"":false,""cloud_processing_allowed"":""yes"",""data_residency_requirement"":""unspecified"",""vendor_allowlist_required"":false}"
"biz-0828","test","business","data_spreadsheets","analytics","data_analysis","new","Build a driver-based retention model for Atlas Foods with assumptions, scenario toggles, and integrity checks that catch broken links.","T2","synthetic_prior","moderate_to_high","medium","medium_to_large","false","{""data_sensitivity"":""low"",""regulated_domain"":false,""cloud_processing_allowed"":""yes"",""data_residency_requirement"":""APAC"",""vendor_allowlist_required"":false}"
"biz-0829","test","business","product_design","product","product_definition","v1","Design an onboarding experiment for telehealth portal that can distinguish comprehension problems from missing product value.","T2","synthetic_prior","moderate_to_high","medium","medium_to_large","false","{""data_sensitivity"":""low"",""regulated_domain"":false,""cloud_processing_allowed"":""yes"",""data_residency_requirement"":""unspecified"",""vendor_allowlist_required"":false}"
"biz-0830","test","business","it_security_admin","it_security","systems_security","new","Investigate a suspected supply-chain compromise spanning package registries and the identity provider. Build competing hypotheses and an evidence-preserving containment plan.","T3","synthetic_prior","high","high","large_or_complex","false","{""data_sensitivity"":""low"",""regulated_domain"":false,""cloud_processing_allowed"":""yes"",""data_residency_requirement"":""unspecified"",""vendor_allowlist_required"":false}"
"biz-0831","test","business","presentations","executive_strategy","presentation_creation","v1","Build a workshop deck for the executive team introducing a new operating model. Include exercises, facilitator notes, likely objections, and a concrete close.","T2","synthetic_prior","moderate_to_high","medium","medium_to_large","false","{""data_sensitivity"":""low"",""regulated_domain"":true,""cloud_processing_allowed"":""yes"",""data_residency_requirement"":""unspecified"",""vendor_allowlist_required"":true}"
"biz-0832","test","business","people_finance_legal_ops","people_hr","corporate_operations","new","Model a restructuring that must cut cost while preserving incident response, meeting Brazil consultation duties, and avoiding hidden single points of failure.","T3","synthetic_prior","high","high","large_or_complex","false","{""data_sensitivity"":""low"",""regulated_domain"":false,""cloud_processing_allowed"":""yes"",""data_residency_requirement"":""unspecified"",""vendor_allowlist_required"":false}"
"biz-0833","test","business","classification_extraction","operations","classification_extraction","new","Extract the account owner from each of these 15 short records into a single CSV.","T0","synthetic_prior","low","low","small","false","{""data_sensitivity"":""low"",""regulated_domain"":true,""cloud_processing_allowed"":""yes"",""data_residency_requirement"":""unspecified"",""vendor_allowlist_required"":true}"
"biz-0834","test","business","business_strategy","executive_strategy","strategy_planning","new","Reconcile two business units that report cycle time differently and both claim the higher figure. Determine the defensible number and the control that prevents recurrence.","T3","synthetic_prior","high","high","large_or_complex","false","{""data_sensitivity"":""low"",""regulated_domain"":true,""cloud_processing_allowed"":""yes"",""data_residency_requirement"":""unspecified"",""vendor_allowlist_required"":true}"
"biz-0835","test","business","marketing_content","marketing","content_creation","new","Draft a 40-word newsletter about the product launch.","T0","synthetic_prior","low","low","small","false","{""data_sensitivity"":""low"",""regulated_domain"":true,""cloud_processing_allowed"":""yes"",""data_residency_requirement"":""US"",""vendor_allowlist_required"":true}"
"biz-0836","test","business","it_security_admin","it_security","systems_security","new","Investigate a suspected ransomware spanning production workloads and the edge network. Build competing hypotheses and an evidence-preserving containment plan.","T3","synthetic_prior","high","high","large_or_complex","false","{""data_sensitivity"":""moderate"",""regulated_domain"":false,""cloud_processing_allowed"":""yes"",""data_residency_requirement"":""unspecified"",""vendor_allowlist_required"":false}"
"biz-0837","test","business","market_competitive_research","research_insights","research_analysis","v1","Analyze how a major regulatory change could reshape the competitive structure of B2B software over five years. Model second-order effects, strategic responses, and alternative scenarios.","T3","synthetic_prior","high","high","large_or_complex","false","{""data_sensitivity"":""moderate"",""regulated_domain"":true,""cloud_processing_allowed"":""yes"",""data_residency_requirement"":""APAC"",""vendor_allowlist_required"":true}"
"biz-0838","test","business","meetings_collaboration","executive_strategy","meeting_synthesis","v1","Synthesize six months of leadership-meeting transcripts into a map of recurring unresolved decisions, shifting assumptions, and commitments that were made but never closed. Cite the meeting and speaker for every conclusion.","T3","synthetic_prior","high","high","large_or_complex","true","{""data_sensitivity"":""low"",""regulated_domain"":false,""cloud_processing_allowed"":""yes"",""data_residency_requirement"":""unspecified"",""vendor_allowlist_required"":false}"
"biz-0839","test","business","classification_extraction","customer_support","classification_extraction","v1","Identify related incidents across noisy support logs where names, timestamps, and symptoms are inconsistent. Preserve uncertainty and possible alternate groupings.","T2","synthetic_prior","moderate_to_high","medium","medium_to_large","true","{""data_sensitivity"":""moderate"",""regulated_domain"":false,""cloud_processing_allowed"":""yes"",""data_residency_requirement"":""US"",""vendor_allowlist_required"":false}"
"biz-0840","test","business","market_competitive_research","research_insights","research_analysis","v1","Create a market-entry brief for Southeast Asia covering buyer structure, regulation, channels, incumbent responses, and the cheapest experiments that could invalidate the thesis.","T2","synthetic_prior","moderate_to_high","medium","medium_to_large","false","{""data_sensitivity"":""high"",""regulated_domain"":true,""cloud_processing_allowed"":""policy_check_required"",""data_residency_requirement"":""EU"",""vendor_allowlist_required"":true}"
"biz-0841","test","business","data_spreadsheets","finance","data_analysis","new","Build a driver-based budget model for Juniper Retail with assumptions, scenario toggles, and integrity checks that catch broken links and circular references.","T2","synthetic_prior","moderate_to_high","medium","medium_to_large","false","{""data_sensitivity"":""moderate"",""regulated_domain"":true,""cloud_processing_allowed"":""yes"",""data_residency_requirement"":""unspecified"",""vendor_allowlist_required"":true}"
"biz-0842","test","business","classification_extraction","operations","classification_extraction","new","Extract the account owner from each of these 50 short records into a single CSV.","T0","synthetic_prior","low","low","small","false","{""data_sensitivity"":""low"",""regulated_domain"":false,""cloud_processing_allowed"":""yes"",""data_residency_requirement"":""unspecified"",""vendor_allowlist_required"":false}"
"biz-0843","development","business","product_design","product","product_definition","new","Redesign a mature platforms information architecture while preserving compatibility for three distinct user groups and hundreds of integrations, and provide the migration strategy and decision framework.","T3","synthetic_prior","high","high","large_or_complex","false","{""data_sensitivity"":""moderate"",""regulated_domain"":true,""cloud_processing_allowed"":""yes"",""data_residency_requirement"":""unspecified"",""vendor_allowlist_required"":true}"
"biz-0844","test","business","software_engineering","engineering","software_delivery","new","Write a migration for Kubernetes on AWS that adds a nullable status column, backfills it in batches, and includes a safe rollback.","T1","synthetic_prior","low_to_moderate","low_to_medium","small_to_medium","false","{""data_sensitivity"":""moderate"",""regulated_domain"":false,""cloud_processing_allowed"":""yes"",""data_residency_requirement"":""unspecified"",""vendor_allowlist_required"":false}"
"biz-0845","test","business","data_spreadsheets","analytics","data_analysis","v1","Convert these dates from MM/DD/YYYY to ISO format and flag invalid rows.","T0","synthetic_prior","low","low","small","false","{""data_sensitivity"":""low"",""regulated_domain"":false,""cloud_processing_allowed"":""yes"",""data_residency_requirement"":""US"",""vendor_allowlist_required"":false}"
"biz-0846","development","business","presentations","executive_strategy","presentation_creation","new","Design a board deck for a choice among three acquisition targets using incomplete and partly contradictory diligence. Build the argument, the sensitivity cases, the decision gates, and the appendix structure.","T3","synthetic_prior","high","high","large_or_complex","false","{""data_sensitivity"":""moderate"",""regulated_domain"":false,""cloud_processing_allowed"":""yes"",""data_residency_requirement"":""US"",""vendor_allowlist_required"":false}"
"biz-0847","test","business","software_engineering","engineering","software_delivery","v1","Diagnose an intermittent duplicate-job bug in a Ruby on Rails service from the supplied code and logs. Propose a minimal fix, tests, and rollout safeguards.","T2","synthetic_prior","moderate_to_high","medium","medium_to_large","true","{""data_sensitivity"":""low"",""regulated_domain"":false,""cloud_processing_allowed"":""yes"",""data_residency_requirement"":""EU"",""vendor_allowlist_required"":false}"
"biz-0848","test","business","business_strategy","executive_strategy","strategy_planning","new","Turn the the customer thread and the two attached spreadsheets into an executive summary covering variances, risks, and the decisions still needed.","T1","synthetic_prior","low_to_moderate","low_to_medium","small_to_medium","true","{""data_sensitivity"":""moderate"",""regulated_domain"":true,""cloud_processing_allowed"":""yes"",""data_residency_requirement"":""unspecified"",""vendor_allowlist_required"":true}"
"biz-0849","test","business","marketing_content","marketing","content_creation","new","Draft a 15-word support macro about the office closure.","T0","synthetic_prior","low","low","small","false","{""data_sensitivity"":""high"",""regulated_domain"":false,""cloud_processing_allowed"":""policy_check_required"",""data_residency_requirement"":""unspecified"",""vendor_allowlist_required"":true}"
"biz-0850","test","business","product_design","product","product_definition","new","Create a 20-item QA checklist for the refund flow.","T0","synthetic_prior","low","low","small","false","{""data_sensitivity"":""moderate"",""regulated_domain"":false,""cloud_processing_allowed"":""yes"",""data_residency_requirement"":""EU"",""vendor_allowlist_required"":false}"
"biz-0851","development","business","classification_extraction","operations","classification_extraction","v1","Map these 150 free-form survey answers to the supplied taxonomy and flag ambiguous or genuinely new themes for review.","T1","synthetic_prior","low_to_moderate","low_to_medium","small_to_medium","true","{""data_sensitivity"":""moderate"",""regulated_domain"":false,""cloud_processing_allowed"":""yes"",""data_residency_requirement"":""US"",""vendor_allowlist_required"":false}"
"biz-0852","test","business","documents_summaries","legal_compliance","document_synthesis","new","Reconcile the outside-counsel memo, the incident review, and the board minutes into an obligation matrix with conflicts, jurisdictional caveats, and questions for counsel.","T3","synthetic_prior","high","high","large_or_complex","false","{""data_sensitivity"":""low"",""regulated_domain"":true,""cloud_processing_allowed"":""yes"",""data_residency_requirement"":""unspecified"",""vendor_allowlist_required"":true}"
"biz-0853","development","business","documents_summaries","general_administration","document_synthesis","new","List the deadlines and named owners in this one-page brief, and note anything mentioned without a date.","T0","synthetic_prior","low","low","small","false","{""data_sensitivity"":""moderate"",""regulated_domain"":true,""cloud_processing_allowed"":""yes"",""data_residency_requirement"":""unspecified"",""vendor_allowlist_required"":true}"
"biz-0854","test","business","documents_summaries","general_administration","document_synthesis","new","Turn these 12 bullets into a numbered checklist, keeping the original order.","T0","synthetic_prior","low","low","small","false","{""data_sensitivity"":""high"",""regulated_domain"":false,""cloud_processing_allowed"":""policy_check_required"",""data_residency_requirement"":""US"",""vendor_allowlist_required"":true}"
"biz-0855","test","business","software_engineering","engineering","software_delivery","new","Explain this syntax message and name the first thing to check.","T0","synthetic_prior","low","low","small","false","{""data_sensitivity"":""moderate"",""regulated_domain"":true,""cloud_processing_allowed"":""yes"",""data_residency_requirement"":""EU"",""vendor_allowlist_required"":true}"
"biz-0856","test","business","marketing_content","marketing","content_creation","new","Draft a 20-word internal announcement about the product launch.","T0","synthetic_prior","low","low","small","false","{""data_sensitivity"":""low"",""regulated_domain"":false,""cloud_processing_allowed"":""yes"",""data_residency_requirement"":""unspecified"",""vendor_allowlist_required"":false}"
"biz-0857","test","business","meetings_collaboration","operations","meeting_synthesis","new","Turn these 12 support transcripts into a one-page brief with owners, dates, and dependencies.","T1","synthetic_prior","low_to_moderate","low_to_medium","small_to_medium","true","{""data_sensitivity"":""moderate"",""regulated_domain"":false,""cloud_processing_allowed"":""yes"",""data_residency_requirement"":""unspecified"",""vendor_allowlist_required"":false}"
"biz-0858","test","business","data_spreadsheets","analytics","data_analysis","new","Turn the the research notes into a column-by-column cleaning plan with validation rules, deduplication logic, and the exceptions that need a human decision.","T1","synthetic_prior","low_to_moderate","low_to_medium","small_to_medium","false","{""data_sensitivity"":""low"",""regulated_domain"":false,""cloud_processing_allowed"":""yes"",""data_residency_requirement"":""unspecified"",""vendor_allowlist_required"":false}"
"biz-0859","development","business","marketing_content","marketing","content_creation","v1","Write a campaign brief for launching in the US Midwest, adapting the positioning to the market while preserving the global brand constraints.","T2","synthetic_prior","moderate_to_high","medium","medium_to_large","false","{""data_sensitivity"":""moderate"",""regulated_domain"":false,""cloud_processing_allowed"":""yes"",""data_residency_requirement"":""unspecified"",""vendor_allowlist_required"":false}"
"biz-0860","test","business","product_design","product","product_definition","new","Create a 60-item QA checklist for the onboarding flow.","T0","synthetic_prior","low","low","small","false","{""data_sensitivity"":""moderate"",""regulated_domain"":false,""cloud_processing_allowed"":""yes"",""data_residency_requirement"":""EU"",""vendor_allowlist_required"":false}"
"biz-0861","development","business","email_communication","people_hr","communication_drafting","new","Adapt the same approved announcement for employees and for resellers, changing emphasis and detail for each audience without altering the facts.","T1","synthetic_prior","low_to_moderate","low_to_medium","small_to_medium","false","{""data_sensitivity"":""low"",""regulated_domain"":false,""cloud_processing_allowed"":""yes"",""data_residency_requirement"":""unspecified"",""vendor_allowlist_required"":false}"
"biz-0862","test","business","people_finance_legal_ops","people_hr","corporate_operations","new","Model a restructuring that must cut cost while preserving on-call coverage, meeting Germany consultation duties, and avoiding hidden single points of failure.","T3","synthetic_prior","high","high","large_or_complex","false","{""data_sensitivity"":""low"",""regulated_domain"":false,""cloud_processing_allowed"":""yes"",""data_residency_requirement"":""EU"",""vendor_allowlist_required"":false}"
"biz-0863","test","business","marketing_content","marketing","content_creation","new","Write a campaign brief for warehouse analytics product using the supplied positioning, proof points, and prohibited claims.","T1","synthetic_prior","low_to_moderate","low_to_medium","small_to_medium","true","{""data_sensitivity"":""low"",""regulated_domain"":true,""cloud_processing_allowed"":""yes"",""data_residency_requirement"":""unspecified"",""vendor_allowlist_required"":true}"
"biz-0864","test","business","sales_customer_support","customer_support","customer_revenue_work","new","Create a discovery-call question set for a compliance officer evaluating customer-support suite, organized by workflow, impact, decision process, and timing.","T1","synthetic_prior","low_to_moderate","low_to_medium","small_to_medium","false","{""data_sensitivity"":""low"",""regulated_domain"":true,""cloud_processing_allowed"":""yes"",""data_residency_requirement"":""unspecified"",""vendor_allowlist_required"":true}"
"biz-0865","test","business","data_spreadsheets","finance","data_analysis","new","Write a SQL query that returns net revenue retention by region for the last 20 days.","T0","synthetic_prior","low","low","small","false","{""data_sensitivity"":""moderate"",""regulated_domain"":true,""cloud_processing_allowed"":""yes"",""data_residency_requirement"":""EU"",""vendor_allowlist_required"":true}"
"biz-0866","test","business","business_strategy","executive_strategy","strategy_planning","new","Advise whether Harbor & Finch should build, buy, or partner for regulatory reporting, weighing control, speed, integration risk, and the scenario in which each choice fails.","T3","synthetic_prior","high","high","large_or_complex","false","{""data_sensitivity"":""high"",""regulated_domain"":false,""cloud_processing_allowed"":""policy_check_required"",""data_residency_requirement"":""EU"",""vendor_allowlist_required"":true}"
"biz-0867","test","business","classification_extraction","legal_compliance","classification_extraction","new","Extract the contract term from each of these 40 short records into a single CSV.","T0","synthetic_prior","low","low","small","false","{""data_sensitivity"":""moderate"",""regulated_domain"":false,""cloud_processing_allowed"":""yes"",""data_residency_requirement"":""EU"",""vendor_allowlist_required"":false}"
"biz-0868","test","business","meetings_collaboration","operations","meeting_synthesis","new","Turn these 40 support transcripts into a risk register with owners, dates, and dependencies.","T1","synthetic_prior","low_to_moderate","low_to_medium","small_to_medium","true","{""data_sensitivity"":""low"",""regulated_domain"":true,""cloud_processing_allowed"":""yes"",""data_residency_requirement"":""unspecified"",""vendor_allowlist_required"":true}"
"biz-0869","test","business","data_spreadsheets","analytics","data_analysis","new","Turn the the vendor response into a column-by-column cleaning plan with validation rules, deduplication logic, and the exceptions that need a human decision.","T1","synthetic_prior","low_to_moderate","low_to_medium","small_to_medium","false","{""data_sensitivity"":""low"",""regulated_domain"":false,""cloud_processing_allowed"":""yes"",""data_residency_requirement"":""APAC"",""vendor_allowlist_required"":false}"
"biz-0870","test","business","market_competitive_research","research_insights","research_analysis","new","Form an investment-grade market thesis for the healthcare vertical from conflicting analyst reports and incomplete private data, and design the tests that would disconfirm it.","T3","synthetic_prior","high","high","large_or_complex","true","{""data_sensitivity"":""low"",""regulated_domain"":false,""cloud_processing_allowed"":""yes"",""data_residency_requirement"":""EU"",""vendor_allowlist_required"":false}"
"biz-0871","test","business","email_communication","legal_compliance","communication_drafting","v1","Given a long thread in which Legal, Sales, and Product disagree about a contractual commitment, reconstruct the actual decision history, identify contradictions, and draft a reply that resolves the ambiguity without creating a new obligation.","T3","synthetic_prior","high","high","large_or_complex","true","{""data_sensitivity"":""moderate"",""regulated_domain"":true,""cloud_processing_allowed"":""yes"",""data_residency_requirement"":""unspecified"",""vendor_allowlist_required"":true}"
"biz-0872","development","business","classification_extraction","customer_support","classification_extraction","v1","Identify language, sentiment, and requested action for each customer message. Return JSON only.","T0","synthetic_prior","low","low","small","false","{""data_sensitivity"":""moderate"",""regulated_domain"":true,""cloud_processing_allowed"":""yes"",""data_residency_requirement"":""US"",""vendor_allowlist_required"":true}"
"biz-0873","development","business","documents_summaries","legal_compliance","document_synthesis","v1","Compare these two internal policies and create a clear table of differences without interpreting legal effect.","T1","synthetic_prior","low_to_moderate","low_to_medium","small_to_medium","false","{""data_sensitivity"":""moderate"",""regulated_domain"":false,""cloud_processing_allowed"":""yes"",""data_residency_requirement"":""unspecified"",""vendor_allowlist_required"":false}"
"biz-0874","test","business","market_competitive_research","research_insights","research_analysis","new","Assess the competitive landscape for expense-management service in DACH, segmenting competitors by business model and buyer, distinguishing sourced facts from inference, and naming the evidence gaps.","T2","synthetic_prior","moderate_to_high","medium","medium_to_large","true","{""data_sensitivity"":""low"",""regulated_domain"":true,""cloud_processing_allowed"":""yes"",""data_residency_requirement"":""unspecified"",""vendor_allowlist_required"":true}"
"biz-0875","development","business","software_engineering","engineering","software_delivery","v1","Trace a production data-corruption bug across a distributed Next.js and Supabase system using partial logs, retries, asynchronous consumers, and a recent schema migration. Identify the most plausible causal chain and safe recovery plan.","T3","synthetic_prior","high","high","large_or_complex","true","{""data_sensitivity"":""low"",""regulated_domain"":false,""cloud_processing_allowed"":""yes"",""data_residency_requirement"":""unspecified"",""vendor_allowlist_required"":false}"
"biz-0876","test","business","marketing_content","marketing","content_creation","new","Write a landing page for warehouse analytics product using the supplied positioning, proof points, and prohibited claims.","T1","synthetic_prior","low_to_moderate","low_to_medium","small_to_medium","true","{""data_sensitivity"":""moderate"",""regulated_domain"":true,""cloud_processing_allowed"":""yes"",""data_residency_requirement"":""US"",""vendor_allowlist_required"":true}"
"biz-0877","test","business","presentations","people_hr","presentation_creation","v1","Create a customer-training deck outline for procurement marketplace, including setup, core workflow, common mistakes, and support resources.","T1","synthetic_prior","low_to_moderate","low_to_medium","small_to_medium","true","{""data_sensitivity"":""high"",""regulated_domain"":false,""cloud_processing_allowed"":""policy_check_required"",""data_residency_requirement"":""EU"",""vendor_allowlist_required"":true}"
"biz-0878","development","business","market_competitive_research","research_insights","research_analysis","v1","Estimate a defensible TAM, SAM, and SOM range for a consumer subscriptions product using the supplied source set, showing assumptions and avoiding double-counting.","T2","synthetic_prior","moderate_to_high","medium","medium_to_large","true","{""data_sensitivity"":""low"",""regulated_domain"":false,""cloud_processing_allowed"":""yes"",""data_residency_requirement"":""EU"",""vendor_allowlist_required"":false}"
"biz-0879","test","business","market_competitive_research","research_insights","research_analysis","new","Form an investment-grade market thesis for Southeast Asia from conflicting analyst reports and incomplete private data, and design the tests that would disconfirm it.","T3","synthetic_prior","high","high","large_or_complex","true","{""data_sensitivity"":""low"",""regulated_domain"":false,""cloud_processing_allowed"":""yes"",""data_residency_requirement"":""unspecified"",""vendor_allowlist_required"":false}"
"biz-0880","test","business","market_competitive_research","research_insights","research_analysis","new","Assess the competitive landscape for customer-support suite in the US Midwest, separating sourced facts from inference and naming the evidence gaps.","T2","synthetic_prior","moderate_to_high","medium","medium_to_large","true","{""data_sensitivity"":""low"",""regulated_domain"":false,""cloud_processing_allowed"":""yes"",""data_residency_requirement"":""EU"",""vendor_allowlist_required"":false}"
"biz-0881","development","business","marketing_content","marketing","content_creation","new","Write five short social captions announcing a webinar for telehealth portal, avoiding emojis and exaggerated claims.","T0","synthetic_prior","low","low","small","false","{""data_sensitivity"":""low"",""regulated_domain"":false,""cloud_processing_allowed"":""yes"",""data_residency_requirement"":""EU"",""vendor_allowlist_required"":false}"
"biz-0882","test","business","classification_extraction","operations","classification_extraction","v1","Classify 200 product-feedback items against a 40-label taxonomy with overlapping definitions. Return the best label, runner-up, confidence, and evidence phrase.","T2","synthetic_prior","moderate_to_high","medium","medium_to_large","false","{""data_sensitivity"":""high"",""regulated_domain"":false,""cloud_processing_allowed"":""policy_check_required"",""data_residency_requirement"":""unspecified"",""vendor_allowlist_required"":true}"
"biz-0883","test","business","data_spreadsheets","analytics","data_analysis","new","Build a driver-based capacity model for Juniper Retail with assumptions, scenario toggles, and integrity checks that catch broken links.","T2","synthetic_prior","moderate_to_high","medium","medium_to_large","false","{""data_sensitivity"":""moderate"",""regulated_domain"":false,""cloud_processing_allowed"":""yes"",""data_residency_requirement"":""EU"",""vendor_allowlist_required"":false}"
"biz-0884","development","business","software_engineering","engineering","software_delivery","v1","Trace a production data-corruption bug across a distributed Ruby on Rails system using partial logs, retries, asynchronous consumers, and a recent schema migration. Identify the most plausible causal chain and safe recovery plan.","T3","synthetic_prior","high","high","large_or_complex","true","{""data_sensitivity"":""low"",""regulated_domain"":true,""cloud_processing_allowed"":""yes"",""data_residency_requirement"":""EU"",""vendor_allowlist_required"":true}"
"biz-0885","test","business","market_competitive_research","research_insights","research_analysis","v1","Turn these competitor release notes into a chronological feature list without evaluating importance.","T0","synthetic_prior","low","low","small","false","{""data_sensitivity"":""moderate"",""regulated_domain"":true,""cloud_processing_allowed"":""yes"",""data_residency_requirement"":""unspecified"",""vendor_allowlist_required"":true}"
"biz-0886","test","business","presentations","general_administration","presentation_creation","v1","Turn this memo into speaker notes for a five-minute presentation to nontechnical stakeholders.","T0","synthetic_prior","low","low","small","false","{""data_sensitivity"":""moderate"",""regulated_domain"":true,""cloud_processing_allowed"":""yes"",""data_residency_requirement"":""unspecified"",""vendor_allowlist_required"":true}"
"biz-0887","development","business","business_strategy","executive_strategy","strategy_planning","v1","Analyze why a new product has strong trials but weak paid conversion. Build competing hypotheses and an experiment sequence that distinguishes among them.","T2","synthetic_prior","moderate_to_high","medium","medium_to_large","false","{""data_sensitivity"":""low"",""regulated_domain"":false,""cloud_processing_allowed"":""yes"",""data_residency_requirement"":""unspecified"",""vendor_allowlist_required"":false}"
"biz-0888","development","business","marketing_content","marketing","content_creation","v1","Write a landing-page draft for learning-management platform using the supplied positioning, proof points, and prohibited-claims list.","T1","synthetic_prior","low_to_moderate","low_to_medium","small_to_medium","true","{""data_sensitivity"":""moderate"",""regulated_domain"":true,""cloud_processing_allowed"":""yes"",""data_residency_requirement"":""unspecified"",""vendor_allowlist_required"":true}"
"biz-0889","development","business","meetings_collaboration","operations","meeting_synthesis","new","Summarize a 90-minute cross-functional meeting, separating firm decisions from proposals and assumptions, and flag where participants appear to disagree about what was decided.","T2","synthetic_prior","moderate_to_high","medium","medium_to_large","false","{""data_sensitivity"":""moderate"",""regulated_domain"":false,""cloud_processing_allowed"":""yes"",""data_residency_requirement"":""US"",""vendor_allowlist_required"":false}"
"biz-0890","test","business","people_finance_legal_ops","people_hr","corporate_operations","new","Model a restructuring that must cut cost while preserving on-call coverage, meeting Australia consultation duties, and avoiding hidden single points of failure.","T3","synthetic_prior","high","high","large_or_complex","false","{""data_sensitivity"":""low"",""regulated_domain"":false,""cloud_processing_allowed"":""yes"",""data_residency_requirement"":""EU"",""vendor_allowlist_required"":false}"
"biz-0891","test","business","product_design","product","product_definition","new","Create a 12-question discovery guide for a compliance officer evaluating inventory planning platform.","T1","synthetic_prior","low_to_moderate","low_to_medium","small_to_medium","false","{""data_sensitivity"":""high"",""regulated_domain"":false,""cloud_processing_allowed"":""policy_check_required"",""data_residency_requirement"":""APAC"",""vendor_allowlist_required"":true}"
"biz-0892","test","business","market_competitive_research","research_insights","research_analysis","v1","Assess the competitive landscape for telehealth portal in Australia and New Zealand. Segment competitors by business model and buyer, distinguish sourced facts from inference, and identify evidence gaps.","T2","synthetic_prior","moderate_to_high","medium","medium_to_large","true","{""data_sensitivity"":""high"",""regulated_domain"":false,""cloud_processing_allowed"":""policy_check_required"",""data_residency_requirement"":""US"",""vendor_allowlist_required"":true}"
"biz-0893","test","business","presentations","sales","presentation_creation","v1","Restructure this 24-slide product presentation into a persuasive 10-slide story for enterprise buyers, preserving evidence and removing redundant claims.","T2","synthetic_prior","moderate_to_high","medium","medium_to_large","false","{""data_sensitivity"":""moderate"",""regulated_domain"":false,""cloud_processing_allowed"":""yes"",""data_residency_requirement"":""EU"",""vendor_allowlist_required"":false}"
"biz-0894","test","business","business_strategy","executive_strategy","strategy_planning","new","Turn the the usage data and the two attached spreadsheets into a recommendation with options covering variances, risks, and the decisions still needed.","T1","synthetic_prior","low_to_moderate","low_to_medium","small_to_medium","true","{""data_sensitivity"":""low"",""regulated_domain"":false,""cloud_processing_allowed"":""yes"",""data_residency_requirement"":""EU"",""vendor_allowlist_required"":false}"
"biz-0895","development","business","people_finance_legal_ops","finance","corporate_operations","new","Assess whether to recognize revenue on a reseller agreement with variable consideration and side letters, presenting the competing interpretations and the evidence each requires.","T3","synthetic_prior","high","high","large_or_complex","false","{""data_sensitivity"":""low"",""regulated_domain"":true,""cloud_processing_allowed"":""yes"",""data_residency_requirement"":""unspecified"",""vendor_allowlist_required"":true}"
"biz-0896","test","business","sales_customer_support","customer_support","customer_revenue_work","new","Develop an enterprise account strategy for a global logistics customer from two years of calls, tickets, and contract history. Model stakeholder incentives and failure modes.","T3","synthetic_prior","high","high","large_or_complex","false","{""data_sensitivity"":""low"",""regulated_domain"":true,""cloud_processing_allowed"":""yes"",""data_residency_requirement"":""unspecified"",""vendor_allowlist_required"":true}"
"biz-0897","test","business","data_spreadsheets","finance","data_analysis","v1","Design a driver-based annual budget model for Northstar Logistics, including assumptions, formulas, scenario toggles, and checks that catch broken links.","T2","synthetic_prior","moderate_to_high","medium","medium_to_large","false","{""data_sensitivity"":""low"",""regulated_domain"":false,""cloud_processing_allowed"":""yes"",""data_residency_requirement"":""US"",""vendor_allowlist_required"":false}"
"biz-0898","test","business","marketing_content","marketing","content_creation","v1","Create a content strategy for a small education technology company with a six-person marketing team, a limited paid budget, and a goal of qualified pipeline rather than traffic.","T2","synthetic_prior","moderate_to_high","medium","medium_to_large","false","{""data_sensitivity"":""low"",""regulated_domain"":false,""cloud_processing_allowed"":""yes"",""data_residency_requirement"":""APAC"",""vendor_allowlist_required"":false}"
"biz-0899","test","business","software_engineering","engineering","software_delivery","new","Trace a production data-corruption bug across the ingestion pipeline using partial logs, retries, asynchronous consumers, and a recent schema migration. Identify the most plausible causal chain and a safe recovery plan.","T3","synthetic_prior","high","high","large_or_complex","true","{""data_sensitivity"":""low"",""regulated_domain"":true,""cloud_processing_allowed"":""yes"",""data_residency_requirement"":""unspecified"",""vendor_allowlist_required"":true}"
"biz-0900","test","business","email_communication","general_administration","communication_drafting","v1","Create a four-email re-engagement sequence for dormant manufacturing leads. Each email should have a distinct purpose, avoid fake urgency, and build on the previous one.","T2","synthetic_prior","moderate_to_high","medium","medium_to_large","false","{""data_sensitivity"":""low"",""regulated_domain"":true,""cloud_processing_allowed"":""yes"",""data_residency_requirement"":""unspecified"",""vendor_allowlist_required"":true}"
"biz-0901","test","business","product_design","product","product_definition","v1","Design an onboarding experiment for expense-management service that can distinguish comprehension problems from missing product value.","T2","synthetic_prior","moderate_to_high","medium","medium_to_large","false","{""data_sensitivity"":""moderate"",""regulated_domain"":false,""cloud_processing_allowed"":""yes"",""data_residency_requirement"":""unspecified"",""vendor_allowlist_required"":false}"
"biz-0902","test","business","it_security_admin","it_security","systems_security","new","Design a least-privilege access model for a product manager across Snowflake, and state how it would be tested.","T2","synthetic_prior","moderate_to_high","medium","medium_to_large","false","{""data_sensitivity"":""low"",""regulated_domain"":false,""cloud_processing_allowed"":""yes"",""data_residency_requirement"":""unspecified"",""vendor_allowlist_required"":false}"
"biz-0903","test","business","documents_summaries","executive_strategy","document_synthesis","new","Summarize this vendor proposal into an executive summary covering scope, fees, assumptions, exclusions, and open questions.","T1","synthetic_prior","low_to_moderate","low_to_medium","small_to_medium","false","{""data_sensitivity"":""low"",""regulated_domain"":false,""cloud_processing_allowed"":""yes"",""data_residency_requirement"":""unspecified"",""vendor_allowlist_required"":false}"
"biz-0904","test","business","business_strategy","executive_strategy","strategy_planning","v1","Advise whether Redwood Manufacturing should sell, raise capital, or remain independent. Integrate market timing, founder objectives, dilution, competitive dynamics, and scenario-weighted enterprise value.","T3","synthetic_prior","high","high","large_or_complex","false","{""data_sensitivity"":""moderate"",""regulated_domain"":false,""cloud_processing_allowed"":""yes"",""data_residency_requirement"":""US"",""vendor_allowlist_required"":false}"
"biz-0905","test","business","marketing_content","marketing","content_creation","v1","Develop messaging pillars for warehouse analytics product aimed at three buyer roles. Give each role a problem, promise, proof point, and objection response.","T2","synthetic_prior","moderate_to_high","medium","medium_to_large","false","{""data_sensitivity"":""low"",""regulated_domain"":true,""cloud_processing_allowed"":""yes"",""data_residency_requirement"":""unspecified"",""vendor_allowlist_required"":true}"
"biz-0906","test","business","email_communication","people_hr","communication_drafting","v1","Rewrite a 700-word partner announcement for three audiences: employees, customers, and resellers, keeping all approved facts consistent.","T1","synthetic_prior","low_to_moderate","low_to_medium","small_to_medium","false","{""data_sensitivity"":""low"",""regulated_domain"":false,""cloud_processing_allowed"":""yes"",""data_residency_requirement"":""unspecified"",""vendor_allowlist_required"":false}"
"biz-0907","test","business","documents_summaries","people_hr","document_synthesis","new","Rewrite this meeting summary so a new employee can follow it, keeping every step in order.","T0","synthetic_prior","low","low","small","false","{""data_sensitivity"":""low"",""regulated_domain"":false,""cloud_processing_allowed"":""yes"",""data_residency_requirement"":""unspecified"",""vendor_allowlist_required"":false}"
"biz-0908","test","business","data_spreadsheets","analytics","data_analysis","new","Build a driver-based forecast model for Atlas Foods with assumptions, scenario toggles, and integrity checks that catch broken links.","T2","synthetic_prior","moderate_to_high","medium","medium_to_large","false","{""data_sensitivity"":""high"",""regulated_domain"":false,""cloud_processing_allowed"":""policy_check_required"",""data_residency_requirement"":""unspecified"",""vendor_allowlist_required"":true}"
"biz-0909","development","business","software_engineering","engineering","software_delivery","v1","Diagnose this reproducible form-submission bug from the component, request payload, and server error, then propose a focused patch.","T1","synthetic_prior","low_to_moderate","low_to_medium","small_to_medium","false","{""data_sensitivity"":""high"",""regulated_domain"":false,""cloud_processing_allowed"":""policy_check_required"",""data_residency_requirement"":""unspecified"",""vendor_allowlist_required"":true}"
"biz-0910","test","business","software_engineering","engineering","software_delivery","new","Implement rate limiting on this endpoint following the existing repository pattern, with tests.","T1","synthetic_prior","low_to_moderate","low_to_medium","small_to_medium","false","{""data_sensitivity"":""low"",""regulated_domain"":false,""cloud_processing_allowed"":""yes"",""data_residency_requirement"":""unspecified"",""vendor_allowlist_required"":false}"
"biz-0911","test","business","software_engineering","engineering","software_delivery","new","Implement pagination on this endpoint following the existing repository pattern, with tests.","T1","synthetic_prior","low_to_moderate","low_to_medium","small_to_medium","false","{""data_sensitivity"":""low"",""regulated_domain"":false,""cloud_processing_allowed"":""yes"",""data_residency_requirement"":""unspecified"",""vendor_allowlist_required"":false}"
"biz-0912","test","business","business_strategy","executive_strategy","strategy_planning","new","Turn the the usage data and the two attached spreadsheets into a one-page brief covering variances, risks, and the decisions still needed.","T1","synthetic_prior","low_to_moderate","low_to_medium","small_to_medium","true","{""data_sensitivity"":""moderate"",""regulated_domain"":false,""cloud_processing_allowed"":""yes"",""data_residency_requirement"":""unspecified"",""vendor_allowlist_required"":false}"
"biz-0913","test","business","presentations","general_administration","presentation_creation","v1","Restructure this 24-slide product presentation into a persuasive 10-slide story for regional managers, preserving evidence and removing redundant claims.","T2","synthetic_prior","moderate_to_high","medium","medium_to_large","false","{""data_sensitivity"":""moderate"",""regulated_domain"":false,""cloud_processing_allowed"":""yes"",""data_residency_requirement"":""EU"",""vendor_allowlist_required"":false}"
"biz-0914","test","business","business_strategy","executive_strategy","strategy_planning","new","Turn the the internal policy and the two attached spreadsheets into an executive summary covering variances, risks, and the decisions still needed.","T1","synthetic_prior","low_to_moderate","low_to_medium","small_to_medium","true","{""data_sensitivity"":""low"",""regulated_domain"":false,""cloud_processing_allowed"":""yes"",""data_residency_requirement"":""EU"",""vendor_allowlist_required"":false}"
"biz-0915","test","business","sales_customer_support","sales","customer_revenue_work","new","Create a discovery-call question set for a compliance officer evaluating learning-management platform, organized by workflow, impact, decision process, and timing.","T1","synthetic_prior","low_to_moderate","low_to_medium","small_to_medium","false","{""data_sensitivity"":""low"",""regulated_domain"":false,""cloud_processing_allowed"":""yes"",""data_residency_requirement"":""unspecified"",""vendor_allowlist_required"":false}"
"biz-0916","test","business","marketing_content","marketing","content_creation","new","A campaign performed well on reach but poorly on qualified pipeline. Using the supplied channel, creative, and sales-feedback data, determine the most likely cause, distinguish it from measurement error, and recommend what to change.","T3","synthetic_prior","high","high","large_or_complex","true","{""data_sensitivity"":""low"",""regulated_domain"":false,""cloud_processing_allowed"":""yes"",""data_residency_requirement"":""APAC"",""vendor_allowlist_required"":false}"
"biz-0917","test","business","classification_extraction","finance","classification_extraction","new","Extract the invoice number from each of these 15 short records into a single CSV.","T0","synthetic_prior","low","low","small","false","{""data_sensitivity"":""low"",""regulated_domain"":false,""cloud_processing_allowed"":""yes"",""data_residency_requirement"":""EU"",""vendor_allowlist_required"":false}"
"biz-0918","test","business","software_engineering","engineering","software_delivery","new","Add a docstring and one usage example to the TypeScript function below.","T0","synthetic_prior","low","low","small","false","{""data_sensitivity"":""moderate"",""regulated_domain"":false,""cloud_processing_allowed"":""yes"",""data_residency_requirement"":""unspecified"",""vendor_allowlist_required"":false}"
"biz-0919","development","business","people_finance_legal_ops","finance","corporate_operations","new","Assess whether to recognize revenue on a professional-services agreement with variable consideration and side letters, presenting the competing interpretations and the evidence each requires.","T3","synthetic_prior","high","high","large_or_complex","false","{""data_sensitivity"":""high"",""regulated_domain"":true,""cloud_processing_allowed"":""policy_check_required"",""data_residency_requirement"":""unspecified"",""vendor_allowlist_required"":true}"
"biz-0920","development","business","data_spreadsheets","analytics","data_analysis","v1","Explain why this VLOOKUP returns #N/A and show the corrected formula.","T0","synthetic_prior","low","low","small","false","{""data_sensitivity"":""low"",""regulated_domain"":false,""cloud_processing_allowed"":""yes"",""data_residency_requirement"":""unspecified"",""vendor_allowlist_required"":false}"
"biz-0921","development","business","email_communication","sales","communication_drafting","v1","Draft a diplomatic email declining a customer’s request for a 35% discount while preserving the relationship. Offer two alternatives and anticipate their likely objection.","T2","synthetic_prior","moderate_to_high","medium","medium_to_large","false","{""data_sensitivity"":""low"",""regulated_domain"":false,""cloud_processing_allowed"":""yes"",""data_residency_requirement"":""US"",""vendor_allowlist_required"":false}"
"biz-0922","development","business","market_competitive_research","research_insights","research_analysis","v1","Estimate a defensible TAM, SAM, and SOM range for a specialty retail product using the supplied source set, showing assumptions and avoiding double-counting.","T2","synthetic_prior","moderate_to_high","medium","medium_to_large","true","{""data_sensitivity"":""low"",""regulated_domain"":false,""cloud_processing_allowed"":""yes"",""data_residency_requirement"":""US"",""vendor_allowlist_required"":false}"
"biz-0923","test","business","software_engineering","engineering","software_delivery","new","Diagnose the intermittent flaky test in the audit logger from the supplied code and logs, and propose a minimal fix with tests and rollout safeguards.","T2","synthetic_prior","moderate_to_high","medium","medium_to_large","true","{""data_sensitivity"":""low"",""regulated_domain"":false,""cloud_processing_allowed"":""yes"",""data_residency_requirement"":""unspecified"",""vendor_allowlist_required"":false}"
"biz-0924","development","business","classification_extraction","finance","classification_extraction","v1","Extract company name, contact, renewal date, amount, and notice period from these short contract summaries. Use null for missing fields.","T0","synthetic_prior","low","low","small","false","{""data_sensitivity"":""low"",""regulated_domain"":false,""cloud_processing_allowed"":""yes"",""data_residency_requirement"":""unspecified"",""vendor_allowlist_required"":false}"
"biz-0925","development","business","business_strategy","executive_strategy","strategy_planning","new","Use the supplied hypotheses and interview notes to list which assumptions are now supported, which are weakened, and what evidence is missing.","T1","synthetic_prior","low_to_moderate","low_to_medium","small_to_medium","true","{""data_sensitivity"":""low"",""regulated_domain"":false,""cloud_processing_allowed"":""yes"",""data_residency_requirement"":""APAC"",""vendor_allowlist_required"":false}"
"biz-0926","test","business","product_design","product","product_definition","new","Define a 0-to-1 product for the employee onboarding workflow using fragmented research, with an opportunity thesis, wedge, principles, failure modes, and validation sequence.","T3","synthetic_prior","high","high","large_or_complex","false","{""data_sensitivity"":""low"",""regulated_domain"":true,""cloud_processing_allowed"":""yes"",""data_residency_requirement"":""EU"",""vendor_allowlist_required"":true}"
"biz-0927","test","business","email_communication","sales","communication_drafting","v1","Write three subject-line options for an email inviting nontechnical stakeholders to a 30-minute product demo.","T0","synthetic_prior","low","low","small","false","{""data_sensitivity"":""low"",""regulated_domain"":false,""cloud_processing_allowed"":""yes"",""data_residency_requirement"":""APAC"",""vendor_allowlist_required"":false}"
"biz-0928","test","business","documents_summaries","general_administration","document_synthesis","new","Summarize this implementation plan into scope, fees, assumptions, exclusions, timeline, and the questions we still need to ask.","T1","synthetic_prior","low_to_moderate","low_to_medium","small_to_medium","false","{""data_sensitivity"":""low"",""regulated_domain"":true,""cloud_processing_allowed"":""yes"",""data_residency_requirement"":""EU"",""vendor_allowlist_required"":true}"
